date,hour,location_id,location,latitude,longitude,temperature,humidity,wind_speed,day_of_week,month,is_weekend,is_rush_hour,season_encoded,lag_pm25_1h,lag_pm25_24h,lag_pm25_48h,rolling_mean_24h,rolling_mean_7d,temp_humidity,pm25,aqi,risk_level,risk_label,next_day_aqi
2023-01-02,6,7802,Colombo,6.909445,79.875341,27.72,75.09,4.27,0,1,0,0,0,25.0,34.0,,34.333333333333336,34.32,20.814948,30.0,89,1,Moderate,82.0
2023-01-02,7,7802,Colombo,6.909445,79.875341,28.22,75.6,4.42,0,1,0,1,0,30.0,36.0,,34.541666666666664,34.57692307692308,21.334319999999998,41.0,115,2,Unhealthy (Sensitive),95.0
2023-01-02,8,7802,Colombo,6.909445,79.875341,28.62,73.8,4.13,0,1,0,1,0,41.0,42.0,,35.083333333333336,35.333333333333336,21.12156,55.0,149,2,Unhealthy (Sensitive),117.0
2023-01-02,9,7802,Colombo,6.909445,79.875341,28.48,71.17,2.91,0,1,0,1,0,55.0,38.0,,35.125,35.464285714285715,20.269216,39.0,110,2,Unhealthy (Sensitive),112.0
2023-01-02,10,7802,Colombo,6.909445,79.875341,29.21,70.19,3.12,0,1,0,0,0,39.0,48.0,,34.583333333333336,35.44827586206897,20.502498999999997,35.0,99,1,Moderate,124.0
2023-01-02,11,7802,Colombo,6.909445,79.875341,29.0,69.15,2.91,0,1,0,0,0,35.0,41.0,,34.583333333333336,35.63333333333333,20.0535,41.0,115,2,Unhealthy (Sensitive),119.0
2023-01-02,12,7802,Colombo,6.909445,79.875341,28.93,68.78,3.34,0,1,0,0,0,41.0,28.0,,34.708333333333336,35.483870967741936,19.898054,31.0,91,1,Moderate,107.0
2023-01-02,13,7802,Colombo,6.909445,79.875341,29.01,70.54,3.43,0,1,0,0,0,31.0,24.0,,34.791666666666664,35.1875,20.463654000000005,26.0,80,1,Moderate,80.0
2023-01-02,14,7802,Colombo,6.909445,79.875341,29.73,68.18,2.93,0,1,0,0,0,26.0,19.0,,35.5,35.21212121212121,20.269914000000004,36.0,102,2,Unhealthy (Sensitive),89.0
2023-01-02,15,7802,Colombo,6.909445,79.875341,29.05,68.43,4.09,0,1,0,0,0,36.0,23.0,,35.791666666666664,35.05882352941177,19.878915000000003,30.0,89,1,Moderate,82.0
2023-01-02,16,7802,Colombo,6.909445,79.875341,29.3,71.52,2.88,0,1,0,0,0,30.0,23.0,,36.166666666666664,34.97142857142857,20.95536,32.0,93,1,Moderate,84.0
2023-01-02,17,7802,Colombo,6.909445,79.875341,27.18,76.06,2.82,0,1,0,1,0,32.0,29.0,,36.25,34.861111111111114,20.673108000000003,31.0,91,1,Moderate,82.0
2023-01-02,18,7802,Colombo,6.909445,79.875341,27.13,72.94,3.49,0,1,0,1,0,31.0,25.0,,36.833333333333336,34.972972972972975,19.788621999999997,39.0,110,2,Unhealthy (Sensitive),102.0
2023-01-02,19,7802,Colombo,6.909445,79.875341,26.68,78.92,2.9,0,1,0,1,0,39.0,41.0,,36.208333333333336,34.73684210526316,21.055856,26.0,80,1,Moderate,147.0
2023-01-02,20,7802,Colombo,6.909445,79.875341,26.79,80.23,3.75,0,1,0,0,0,26.0,45.0,,36.333333333333336,35.07692307692308,21.493617,48.0,132,2,Unhealthy (Sensitive),153.0
2023-01-02,21,7802,Colombo,6.909445,79.875341,25.34,77.52,2.98,0,1,0,0,0,48.0,53.0,,35.958333333333336,35.3,19.643568,44.0,122,2,Unhealthy (Sensitive),127.0
2023-01-02,22,7802,Colombo,6.909445,79.875341,25.62,83.05,3.85,0,1,0,0,0,44.0,48.0,,35.708333333333336,35.46341463414634,21.27741,42.0,117,2,Unhealthy (Sensitive),112.0
2023-01-02,23,7802,Colombo,6.909445,79.875341,25.46,76.99,2.81,0,1,0,0,0,42.0,58.0,,34.875,35.523809523809526,19.601654,38.0,107,2,Unhealthy (Sensitive),115.0
2023-01-03,0,7802,Colombo,6.909445,79.875341,25.91,81.19,3.28,1,1,0,0,0,38.0,42.0,,34.416666666666664,35.41860465116279,21.036329000000002,31.0,91,1,Moderate,102.0
2023-01-03,1,7802,Colombo,6.909445,79.875341,24.63,80.51,3.6,1,1,0,0,0,31.0,36.0,,34.125,35.27272727272727,19.829613,29.0,87,1,Moderate,91.0
2023-01-03,2,7802,Colombo,6.909445,79.875341,25.44,80.64,2.86,1,1,0,0,0,29.0,24.0,,34.416666666666664,35.17777777777778,20.514816,31.0,91,1,Moderate,87.0
2023-01-03,3,7802,Colombo,6.909445,79.875341,25.22,77.84,2.8,1,1,0,0,0,31.0,21.0,,34.625,34.97826086956522,19.631248,26.0,80,1,Moderate,78.0
2023-01-03,4,7802,Colombo,6.909445,79.875341,26.53,76.42,3.1,1,1,0,0,0,26.0,25.0,,34.708333333333336,34.808510638297875,20.274226000000002,27.0,82,1,Moderate,95.0
2023-01-03,5,7802,Colombo,6.909445,79.875341,26.82,80.84,3.13,1,1,0,0,0,27.0,25.0,,34.666666666666664,34.583333333333336,21.681288,24.0,76,1,Moderate,87.0
2023-01-03,6,7802,Colombo,6.909445,79.875341,27.65,78.58,3.19,1,1,0,0,0,24.0,30.0,34.0,34.541666666666664,34.42857142857143,21.727369999999997,27.0,82,1,Moderate,93.0
2023-01-03,7,7802,Colombo,6.909445,79.875341,27.84,75.71,2.8,1,1,0,1,0,27.0,41.0,36.0,34.208333333333336,34.4,21.077664,33.0,95,1,Moderate,112.0
2023-01-03,8,7802,Colombo,6.909445,79.875341,28.65,70.31,2.86,1,1,0,1,0,33.0,55.0,42.0,33.666666666666664,34.549019607843135,20.143815,42.0,117,2,Unhealthy (Sensitive),137.0
2023-01-03,9,7802,Colombo,6.909445,79.875341,28.47,71.45,3.12,1,1,0,1,0,42.0,39.0,38.0,33.708333333333336,34.65384615384615,20.341815,40.0,112,2,Unhealthy (Sensitive),134.0
2023-01-03,10,7802,Colombo,6.909445,79.875341,28.74,71.07,3.33,1,1,0,0,0,40.0,35.0,48.0,34.125,34.84905660377358,20.425517999999997,45.0,124,2,Unhealthy (Sensitive),117.0
2023-01-03,11,7802,Colombo,6.909445,79.875341,29.23,69.86,2.85,1,1,0,0,0,45.0,41.0,41.0,34.208333333333336,35.0,20.420078,43.0,119,2,Unhealthy (Sensitive),134.0
2023-01-03,12,7802,Colombo,6.909445,79.875341,30.08,68.01,3.01,1,1,0,0,0,43.0,31.0,28.0,34.5,35.054545454545455,20.457408,38.0,107,2,Unhealthy (Sensitive),110.0
2023-01-03,13,7802,Colombo,6.909445,79.875341,30.38,66.04,3.22,1,1,0,0,0,38.0,26.0,24.0,34.5,34.892857142857146,20.062952,26.0,80,1,Moderate,97.0
2023-01-03,14,7802,Colombo,6.909445,79.875341,29.96,71.75,3.6,1,1,0,0,0,26.0,36.0,19.0,34.25,34.80701754385965,21.4963,30.0,89,1,Moderate,107.0
2023-01-03,15,7802,Colombo,6.909445,79.875341,28.69,68.42,3.38,1,1,0,0,0,30.0,30.0,23.0,34.125,34.672413793103445,19.629698,27.0,82,1,Moderate,105.0
2023-01-03,16,7802,Colombo,6.909445,79.875341,28.88,71.95,3.38,1,1,0,0,0,27.0,32.0,23.0,33.958333333333336,34.559322033898304,20.77916,28.0,84,1,Moderate,89.0
2023-01-03,17,7802,Colombo,6.909445,79.875341,27.41,70.83,2.86,1,1,0,1,0,28.0,31.0,29.0,33.791666666666664,34.43333333333333,19.414503,27.0,82,1,Moderate,105.0
2023-01-03,18,7802,Colombo,6.909445,79.875341,27.37,72.6,4.02,1,1,0,1,0,27.0,39.0,25.0,33.666666666666664,34.459016393442624,19.87062,36.0,102,2,Unhealthy (Sensitive),102.0
2023-01-03,19,7802,Colombo,6.909445,79.875341,26.68,76.4,3.29,1,1,0,1,0,36.0,26.0,41.0,34.833333333333336,34.774193548387096,20.38352,54.0,147,2,Unhealthy (Sensitive),149.0
2023-01-03,20,7802,Colombo,6.909445,79.875341,26.22,79.29,3.08,1,1,0,0,0,54.0,48.0,45.0,35.333333333333336,35.17460317460318,20.789838,60.0,153,3,Unhealthy,151.0
2023-01-03,21,7802,Colombo,6.909445,79.875341,25.86,79.96,3.4,1,1,0,0,0,60.0,44.0,53.0,35.416666666666664,35.34375,20.677656,46.0,127,2,Unhealthy (Sensitive),137.0
2023-01-03,22,7802,Colombo,6.909445,79.875341,26.52,80.28,3.15,1,1,0,0,0,46.0,42.0,48.0,35.333333333333336,35.41538461538462,21.290256,40.0,112,2,Unhealthy (Sensitive),142.0
2023-01-03,23,7802,Colombo,6.909445,79.875341,25.83,81.66,3.15,1,1,0,0,0,40.0,38.0,58.0,35.458333333333336,35.5,21.092778,41.0,115,2,Unhealthy (Sensitive),124.0
2023-01-04,0,7802,Colombo,6.909445,79.875341,26.13,80.94,4.49,2,1,0,0,0,41.0,31.0,42.0,35.666666666666664,35.507462686567166,21.149622,36.0,102,2,Unhealthy (Sensitive),119.0
2023-01-04,1,7802,Colombo,6.909445,79.875341,26.04,80.95,2.96,2,1,0,0,0,36.0,29.0,36.0,35.75,35.44117647058823,21.07938,31.0,91,1,Moderate,107.0
2023-01-04,2,7802,Colombo,6.909445,79.875341,25.51,81.72,3.3,2,1,0,0,0,31.0,31.0,24.0,35.666666666666664,35.34782608695652,20.846772,29.0,87,1,Moderate,105.0
2023-01-04,3,7802,Colombo,6.909445,79.875341,26.27,79.97,3.37,2,1,0,0,0,29.0,26.0,21.0,35.625,35.2,21.008119,25.0,78,1,Moderate,105.0
2023-01-04,4,7802,Colombo,6.909445,79.875341,26.87,75.7,2.9,2,1,0,0,0,25.0,27.0,25.0,35.875,35.16901408450704,20.340590000000002,33.0,95,1,Moderate,93.0
2023-01-04,5,7802,Colombo,6.909445,79.875341,25.84,74.17,3.59,2,1,0,0,0,33.0,24.0,25.0,36.083333333333336,35.083333333333336,19.165528,29.0,87,1,Moderate,93.0
2023-01-04,6,7802,Colombo,6.909445,79.875341,26.78,74.77,2.89,2,1,0,0,0,29.0,27.0,30.0,36.291666666666664,35.04109589041096,20.023406,32.0,93,1,Moderate,110.0
2023-01-04,7,7802,Colombo,6.909445,79.875341,27.58,70.85,3.16,2,1,0,1,0,32.0,33.0,41.0,36.583333333333336,35.108108108108105,19.540429999999997,40.0,112,2,Unhealthy (Sensitive),112.0
2023-01-04,8,7802,Colombo,6.909445,79.875341,28.2,72.03,2.9,2,1,0,1,0,40.0,42.0,55.0,36.916666666666664,35.306666666666665,20.312459999999998,50.0,137,2,Unhealthy (Sensitive),153.0
2023-01-04,9,7802,Colombo,6.909445,79.875341,28.44,65.67,2.82,2,1,0,1,0,50.0,40.0,39.0,37.291666666666664,35.48684210526316,18.676548,49.0,134,2,Unhealthy (Sensitive),157.0
2023-01-04,10,7802,Colombo,6.909445,79.875341,29.35,70.4,2.82,2,1,0,0,0,49.0,45.0,35.0,37.166666666666664,35.57142857142857,20.6624,42.0,117,2,Unhealthy (Sensitive),156.0
2023-01-04,11,7802,Colombo,6.909445,79.875341,29.96,68.18,3.34,2,1,0,0,0,42.0,43.0,41.0,37.416666666666664,35.743589743589745,20.426728000000004,49.0,134,2,Unhealthy (Sensitive),124.0
2023-01-04,12,7802,Colombo,6.909445,79.875341,30.33,69.92,3.11,2,1,0,0,0,49.0,38.0,31.0,37.458333333333336,35.78481012658228,21.206736,39.0,110,2,Unhealthy (Sensitive),134.0
2023-01-04,13,7802,Colombo,6.909445,79.875341,29.06,70.74,2.85,2,1,0,0,0,39.0,26.0,26.0,37.791666666666664,35.7625,20.557043999999998,34.0,97,1,Moderate,93.0
2023-01-04,14,7802,Colombo,6.909445,79.875341,29.76,66.92,2.93,2,1,0,0,0,34.0,30.0,36.0,38.125,35.79012345679013,19.915392,38.0,107,2,Unhealthy (Sensitive),80.0
2023-01-04,15,7802,Colombo,6.909445,79.875341,29.19,71.87,2.82,2,1,0,0,0,38.0,27.0,30.0,38.541666666666664,35.80487804878049,20.978853000000004,37.0,105,2,Unhealthy (Sensitive),91.0
2023-01-04,16,7802,Colombo,6.909445,79.875341,27.34,69.01,3.64,2,1,0,0,0,37.0,28.0,32.0,38.625,35.734939759036145,18.867334,30.0,89,1,Moderate,70.0
2023-01-04,17,7802,Colombo,6.909445,79.875341,28.44,74.66,3.03,2,1,0,1,0,30.0,27.0,31.0,39.041666666666664,35.75,21.233303999999997,37.0,105,2,Unhealthy (Sensitive),139.0
2023-01-04,18,7802,Colombo,6.909445,79.875341,27.18,75.55,3.61,2,1,0,1,0,37.0,36.0,39.0,39.041666666666664,35.752941176470586,20.53449,36.0,102,2,Unhealthy (Sensitive),93.0
2023-01-04,19,7802,Colombo,6.909445,79.875341,27.21,75.88,2.95,2,1,0,1,0,36.0,54.0,26.0,39.083333333333336,35.97674418604651,20.646948,55.0,149,2,Unhealthy (Sensitive),76.0
2023-01-04,20,7802,Colombo,6.909445,79.875341,26.3,79.2,2.88,2,1,0,0,0,55.0,60.0,48.0,38.916666666666664,36.206896551724135,20.8296,56.0,151,3,Unhealthy,82.0
2023-01-04,21,7802,Colombo,6.909445,79.875341,26.65,80.22,2.87,2,1,0,0,0,56.0,46.0,44.0,39.083333333333336,36.36363636363637,21.378629999999998,50.0,137,2,Unhealthy (Sensitive),134.0
2023-01-04,22,7802,Colombo,6.909445,79.875341,24.9,83.54,3.24,2,1,0,0,0,50.0,40.0,42.0,39.583333333333336,36.53932584269663,20.801460000000002,52.0,142,2,Unhealthy (Sensitive),99.0
2023-01-04,23,7802,Colombo,6.909445,79.875341,25.75,79.59,2.89,2,1,0,0,0,52.0,41.0,38.0,39.75,36.63333333333333,20.494425,45.0,124,2,Unhealthy (Sensitive),95.0
2023-01-05,0,7802,Colombo,6.909445,79.875341,25.12,80.92,2.95,3,1,0,0,0,45.0,36.0,31.0,40.041666666666664,36.7032967032967,20.327104000000002,43.0,119,2,Unhealthy (Sensitive),93.0
2023-01-05,1,7802,Colombo,6.909445,79.875341,26.08,80.52,3.06,3,1,0,0,0,43.0,31.0,29.0,40.333333333333336,36.71739130434783,20.999615999999996,38.0,107,2,Unhealthy (Sensitive),76.0
2023-01-05,2,7802,Colombo,6.909445,79.875341,26.07,80.74,2.84,3,1,0,0,0,38.0,29.0,31.0,40.666666666666664,36.72043010752688,21.048918,37.0,105,2,Unhealthy (Sensitive),63.0
2023-01-05,3,7802,Colombo,6.909445,79.875341,25.58,79.56,3.49,3,1,0,0,0,37.0,25.0,26.0,41.166666666666664,36.723404255319146,20.351448,37.0,105,2,Unhealthy (Sensitive),70.0
2023-01-05,4,7802,Colombo,6.909445,79.875341,25.7,76.46,2.83,3,1,0,0,0,37.0,33.0,27.0,41.125,36.67368421052632,19.650219999999997,32.0,93,1,Moderate,72.0
2023-01-05,5,7802,Colombo,6.909445,79.875341,27.46,75.5,3.29,3,1,0,0,0,32.0,29.0,24.0,41.25,36.625,20.7323,32.0,93,1,Moderate,78.0
2023-01-05,6,7802,Colombo,6.909445,79.875341,27.45,74.81,3.03,3,1,0,0,0,32.0,32.0,27.0,41.541666666666664,36.649484536082475,20.535345000000003,39.0,110,2,Unhealthy (Sensitive),72.0
2023-01-05,7,7802,Colombo,6.909445,79.875341,29.04,72.31,3.09,3,1,0,1,0,39.0,40.0,33.0,41.541666666666664,36.683673469387756,20.998824,40.0,112,2,Unhealthy (Sensitive),82.0
2023-01-05,8,7802,Colombo,6.909445,79.875341,28.35,72.44,3.08,3,1,0,1,0,40.0,50.0,42.0,41.916666666666664,36.90909090909091,20.536739999999998,59.0,153,3,Unhealthy,89.0
2023-01-05,9,7802,Colombo,6.909445,79.875341,28.76,68.04,3.37,3,1,0,1,0,59.0,49.0,40.0,42.708333333333336,37.22,19.568304,68.0,157,3,Unhealthy,76.0
2023-01-05,10,7802,Colombo,6.909445,79.875341,29.39,68.55,3.01,3,1,0,0,0,68.0,42.0,45.0,43.666666666666664,37.495049504950494,20.146845,65.0,156,3,Unhealthy,72.0
2023-01-05,11,7802,Colombo,6.909445,79.875341,29.59,66.13,2.94,3,1,0,0,0,65.0,49.0,43.0,43.5,37.568627450980394,19.567867,45.0,124,2,Unhealthy (Sensitive),82.0
2023-01-05,12,7802,Colombo,6.909445,79.875341,29.49,71.24,3.59,3,1,0,0,0,45.0,39.0,38.0,43.916666666666664,37.679611650485434,21.008675999999994,49.0,134,2,Unhealthy (Sensitive),66.0
2023-01-05,13,7802,Colombo,6.909445,79.875341,29.92,69.46,3.63,3,1,0,0,0,49.0,34.0,26.0,43.833333333333336,37.625,20.782432,32.0,93,1,Moderate,63.0
2023-01-05,14,7802,Colombo,6.909445,79.875341,29.33,71.15,3.52,3,1,0,0,0,32.0,38.0,30.0,43.333333333333336,37.51428571428571,20.868295,26.0,80,1,Moderate,61.0
2023-01-05,15,7802,Colombo,6.909445,79.875341,28.46,72.41,2.94,3,1,0,0,0,26.0,37.0,27.0,43.083333333333336,37.45283018867924,20.607885999999997,31.0,91,1,Moderate,46.0
2023-01-05,16,7802,Colombo,6.909445,79.875341,28.13,70.5,3.06,3,1,0,0,0,31.0,30.0,28.0,42.708333333333336,37.299065420560744,19.83165,21.0,70,1,Moderate,55.0
2023-01-05,17,7802,Colombo,6.909445,79.875341,28.23,73.71,3.03,3,1,0,1,0,21.0,37.0,27.0,43.291666666666664,37.425925925925924,20.808332999999998,51.0,139,2,Unhealthy (Sensitive),53.0
2023-01-05,18,7802,Colombo,6.909445,79.875341,27.23,76.83,4.54,3,1,0,1,0,51.0,36.0,36.0,43.125,37.37614678899082,20.920809,32.0,93,1,Moderate,76.0
2023-01-05,19,7802,Colombo,6.909445,79.875341,27.15,74.49,3.05,3,1,0,1,0,32.0,55.0,54.0,41.833333333333336,37.25454545454546,20.224034999999997,24.0,76,1,Moderate,117.0
2023-01-05,20,7802,Colombo,6.909445,79.875341,27.06,75.0,3.03,3,1,0,0,0,24.0,56.0,60.0,40.625,37.16216216216216,20.295,27.0,82,1,Moderate,119.0
2023-01-05,21,7802,Colombo,6.909445,79.875341,27.06,79.19,2.93,3,1,0,0,0,27.0,50.0,46.0,40.583333333333336,37.267857142857146,21.428814,49.0,134,2,Unhealthy (Sensitive),102.0
2023-01-05,22,7802,Colombo,6.909445,79.875341,25.97,78.58,3.57,3,1,0,0,0,49.0,52.0,40.0,39.875,37.24778761061947,20.407225999999998,35.0,99,1,Moderate,82.0
2023-01-05,23,7802,Colombo,6.909445,79.875341,25.74,75.89,3.95,3,1,0,0,0,35.0,45.0,41.0,39.375,37.21052631578947,19.534086,33.0,95,1,Moderate,66.0
2023-01-06,0,7802,Colombo,6.909445,79.875341,26.11,81.29,3.39,4,1,0,0,0,33.0,43.0,36.0,38.916666666666664,37.165217391304346,21.224819000000004,32.0,93,1,Moderate,50.0
2023-01-06,1,7802,Colombo,6.909445,79.875341,25.01,81.8,3.01,4,1,0,0,0,32.0,38.0,31.0,38.333333333333336,37.05172413793103,20.45818,24.0,76,1,Moderate,33.0
2023-01-06,2,7802,Colombo,6.909445,79.875341,25.74,81.37,2.85,4,1,0,0,0,24.0,37.0,29.0,37.541666666666664,36.888888888888886,20.944638,18.0,63,1,Moderate,25.0
2023-01-06,3,7802,Colombo,6.909445,79.875341,26.22,77.49,4.09,4,1,0,0,0,18.0,37.0,25.0,36.875,36.75423728813559,20.317877999999997,21.0,70,1,Moderate,33.0
2023-01-06,4,7802,Colombo,6.909445,79.875341,27.69,76.44,6.15,4,1,0,0,0,21.0,32.0,33.0,36.458333333333336,36.63025210084034,21.166235999999998,22.0,72,1,Moderate,25.0
2023-01-06,5,7802,Colombo,6.909445,79.875341,27.18,76.71,3.4,4,1,0,0,0,22.0,32.0,29.0,36.166666666666664,36.53333333333333,20.849777999999997,25.0,78,1,Moderate,55.0
2023-01-06,6,7802,Colombo,6.909445,79.875341,27.66,77.42,2.97,4,1,0,0,0,25.0,39.0,32.0,35.458333333333336,36.413223140495866,21.414372,22.0,72,1,Moderate,46.0
2023-01-06,7,7802,Colombo,6.909445,79.875341,27.78,71.6,2.87,4,1,0,1,0,22.0,40.0,40.0,34.916666666666664,36.33606557377049,19.89048,27.0,82,1,Moderate,57.0
2023-01-06,8,7802,Colombo,6.909445,79.875341,28.16,74.65,2.84,4,1,0,1,0,27.0,59.0,50.0,33.708333333333336,36.28455284552845,21.021440000000002,30.0,89,1,Moderate,68.0
2023-01-06,9,7802,Colombo,6.909445,79.875341,29.28,65.37,3.2,4,1,0,1,0,30.0,68.0,49.0,31.875,36.185483870967744,19.140336,24.0,76,1,Moderate,76.0
2023-01-06,10,7802,Colombo,6.909445,79.875341,29.12,69.74,4.38,4,1,0,0,0,24.0,65.0,42.0,30.083333333333332,36.072,20.308288,22.0,72,1,Moderate,59.0
2023-01-06,11,7802,Colombo,6.909445,79.875341,30.85,71.57,2.94,4,1,0,0,0,22.0,45.0,49.0,29.333333333333332,36.0,22.079345,27.0,82,1,Moderate,78.0
2023-01-06,12,7802,Colombo,6.909445,79.875341,28.84,70.41,2.99,4,1,0,0,0,27.0,49.0,39.0,28.083333333333332,35.86614173228347,20.306244,19.0,66,1,Moderate,70.0
2023-01-06,13,7802,Colombo,6.909445,79.875341,29.39,67.91,3.11,4,1,0,0,0,19.0,32.0,34.0,27.5,35.7265625,19.958749,18.0,63,1,Moderate,63.0
2023-01-06,14,7802,Colombo,6.909445,79.875341,29.51,72.63,2.88,4,1,0,0,0,18.0,26.0,38.0,27.125,35.58139534883721,21.433113,17.0,61,1,Moderate,66.0
2023-01-06,15,7802,Colombo,6.909445,79.875341,29.1,71.93,4.33,4,1,0,0,0,17.0,31.0,37.0,26.291666666666668,35.39230769230769,20.931630000000006,11.0,46,0,Good,63.0
2023-01-06,16,7802,Colombo,6.909445,79.875341,28.27,68.89,3.8,4,1,0,0,0,11.0,21.0,30.0,26.0,35.229007633587784,19.475203,14.0,55,1,Moderate,68.0
2023-01-06,17,7802,Colombo,6.909445,79.875341,27.51,75.15,3.01,4,1,0,1,0,14.0,51.0,37.0,24.416666666666668,35.06060606060606,20.673765000000003,13.0,53,1,Moderate,61.0
2023-01-06,18,7802,Colombo,6.909445,79.875341,27.2,72.11,2.92,4,1,0,1,0,13.0,32.0,36.0,24.083333333333332,34.97744360902256,19.613919999999997,24.0,76,1,Moderate,97.0
2023-01-06,19,7802,Colombo,6.909445,79.875341,26.5,76.36,3.54,4,1,0,1,0,24.0,24.0,55.0,24.833333333333332,35.02985074626866,20.2354,42.0,117,2,Unhealthy (Sensitive),87.0
2023-01-06,20,7802,Colombo,6.909445,79.875341,26.32,78.64,4.45,4,1,0,0,0,42.0,27.0,56.0,25.5,35.08888888888889,20.698048,43.0,119,2,Unhealthy (Sensitive),74.0
2023-01-06,21,7802,Colombo,6.909445,79.875341,26.32,84.06,2.92,4,1,0,0,0,43.0,49.0,50.0,24.958333333333332,35.095588235294116,22.124592000000003,36.0,102,2,Unhealthy (Sensitive),117.0
2023-01-06,22,7802,Colombo,6.909445,79.875341,25.3,81.1,4.05,4,1,0,0,0,36.0,35.0,52.0,24.625,35.03649635036496,20.5183,27.0,82,1,Moderate,78.0
2023-01-06,23,7802,Colombo,6.909445,79.875341,26.05,80.39,3.67,4,1,0,0,0,27.0,33.0,45.0,24.041666666666668,34.92028985507246,20.941595000000003,19.0,66,1,Moderate,57.0
2023-01-07,0,7802,Colombo,6.909445,79.875341,26.19,82.41,3.91,5,1,1,0,0,19.0,32.0,43.0,23.208333333333332,34.75539568345324,21.583179,12.0,50,0,Good,61.0
2023-01-07,1,7802,Colombo,6.909445,79.875341,25.62,80.36,3.26,5,1,1,0,0,12.0,24.0,38.0,22.541666666666668,34.56428571428572,20.588232,8.0,33,0,Good,59.0
2023-01-07,2,7802,Colombo,6.909445,79.875341,25.69,75.1,3.13,5,1,1,0,0,8.0,18.0,37.0,22.041666666666668,34.361702127659576,19.29319,6.0,25,0,Good,63.0
2023-01-07,3,7802,Colombo,6.909445,79.875341,26.03,78.93,2.82,5,1,1,0,0,6.0,21.0,37.0,21.5,34.17605633802817,20.545479000000004,8.0,33,0,Good,53.0
2023-01-07,4,7802,Colombo,6.909445,79.875341,25.8,78.64,2.83,5,1,1,0,0,8.0,22.0,32.0,20.833333333333332,33.97902097902098,20.28912,6.0,25,0,Good,63.0
2023-01-07,5,7802,Colombo,6.909445,79.875341,26.13,75.84,4.49,5,1,1,0,0,6.0,25.0,32.0,20.375,33.84027777777778,19.816992,14.0,55,1,Moderate,53.0
2023-01-07,6,7802,Colombo,6.909445,79.875341,27.0,76.0,3.17,5,1,1,0,0,14.0,22.0,39.0,19.916666666666668,33.682758620689654,20.52,11.0,46,0,Good,68.0
2023-01-07,7,7802,Colombo,6.909445,79.875341,27.49,71.88,3.07,5,1,1,1,0,11.0,27.0,40.0,19.416666666666668,33.554794520547944,19.759811999999997,15.0,57,1,Moderate,76.0
2023-01-07,8,7802,Colombo,6.909445,79.875341,28.87,72.3,5.02,5,1,1,1,0,15.0,30.0,59.0,19.0,33.46258503401361,20.87301,20.0,68,1,Moderate,102.0
2023-01-07,9,7802,Colombo,6.909445,79.875341,29.16,67.23,3.07,5,1,1,1,0,20.0,24.0,68.0,19.0,33.398648648648646,19.604268,24.0,76,1,Moderate,112.0
2023-01-07,10,7802,Colombo,6.909445,79.875341,29.54,71.49,3.54,5,1,1,0,0,24.0,22.0,65.0,18.75,33.281879194630875,21.118145999999996,16.0,59,1,Moderate,80.0
2023-01-07,11,7802,Colombo,6.909445,79.875341,29.03,66.85,3.7,5,1,1,0,0,16.0,27.0,45.0,18.666666666666668,33.22666666666667,19.406554999999997,25.0,78,1,Moderate,82.0
2023-01-07,12,7802,Colombo,6.909445,79.875341,29.07,69.62,2.8,5,1,1,0,0,25.0,19.0,49.0,18.75,33.145695364238414,20.238534,21.0,70,1,Moderate,97.0
2023-01-07,13,7802,Colombo,6.909445,79.875341,29.21,69.32,2.9,5,1,1,0,0,21.0,18.0,32.0,18.75,33.046052631578945,20.248372,18.0,63,1,Moderate,105.0
2023-01-07,14,7802,Colombo,6.909445,79.875341,28.6,72.15,2.84,5,1,1,0,0,18.0,17.0,26.0,18.833333333333332,32.95424836601307,20.634900000000002,19.0,66,1,Moderate,107.0
2023-01-07,15,7802,Colombo,6.909445,79.875341,29.53,72.82,2.96,5,1,1,0,0,19.0,11.0,31.0,19.125,32.857142857142854,21.503746,18.0,63,1,Moderate,122.0
2023-01-07,16,7802,Colombo,6.909445,79.875341,28.65,72.95,3.29,5,1,1,0,0,18.0,14.0,21.0,19.375,32.774193548387096,20.900175,20.0,68,1,Moderate,122.0
2023-01-07,17,7802,Colombo,6.909445,79.875341,27.25,70.26,2.99,5,1,1,1,0,20.0,13.0,51.0,19.541666666666668,32.67307692307692,19.14585,17.0,61,1,Moderate,147.0
2023-01-07,18,7802,Colombo,6.909445,79.875341,27.09,73.46,3.67,5,1,1,1,0,17.0,24.0,32.0,19.958333333333332,32.681528662420384,19.900313999999998,34.0,97,1,Moderate,153.0
2023-01-07,19,7802,Colombo,6.909445,79.875341,28.21,74.37,3.53,5,1,1,1,0,34.0,42.0,24.0,19.416666666666668,32.65822784810127,20.979777000000002,29.0,87,1,Moderate,156.0
2023-01-07,20,7802,Colombo,6.909445,79.875341,26.36,79.38,3.1,5,1,1,0,0,29.0,43.0,27.0,18.583333333333332,32.59748427672956,20.924568,23.0,74,1,Moderate,158.0
2023-01-07,21,7802,Colombo,6.909445,79.875341,26.22,80.87,3.1,5,1,1,0,0,23.0,36.0,49.0,18.833333333333332,32.65625,21.204114,42.0,117,2,Unhealthy (Sensitive),156.0
2023-01-07,22,7802,Colombo,6.909445,79.875341,25.52,78.71,3.88,5,1,1,0,0,42.0,27.0,35.0,18.75,32.608695652173914,20.086792,25.0,78,1,Moderate,155.0
2023-01-07,23,7802,Colombo,6.909445,79.875341,26.34,83.09,3.24,5,1,1,0,0,25.0,19.0,33.0,18.583333333333332,32.5,21.885906,15.0,57,1,Moderate,153.0
2023-01-08,0,7802,Colombo,6.909445,79.875341,26.13,81.09,3.69,6,1,1,0,0,15.0,12.0,32.0,18.791666666666668,32.40490797546012,21.188817,17.0,61,1,Moderate,149.0
2023-01-08,1,7802,Colombo,6.909445,79.875341,25.78,79.2,3.1,6,1,1,0,0,17.0,8.0,24.0,19.125,32.30487804878049,20.41776,16.0,59,1,Moderate,151.0
2023-01-08,2,7802,Colombo,6.909445,79.875341,26.09,85.2,4.59,6,1,1,0,0,16.0,6.0,18.0,19.625,32.21818181818182,22.22868,18.0,63,1,Moderate,139.0
2023-01-08,3,7802,Colombo,6.909445,79.875341,26.04,81.08,3.81,6,1,1,0,0,18.0,8.0,21.0,19.833333333333332,32.102409638554214,21.113231999999996,13.0,53,1,Moderate,124.0
2023-01-08,4,7802,Colombo,6.909445,79.875341,26.52,78.18,3.24,6,1,1,0,0,13.0,6.0,22.0,20.333333333333332,32.01796407185629,20.733335999999998,18.0,63,1,Moderate,119.0
2023-01-08,5,7802,Colombo,6.909445,79.875341,26.68,75.3,3.07,6,1,1,0,0,18.0,14.0,25.0,20.291666666666668,31.904761904761905,20.09004,13.0,53,1,Moderate,122.0
2023-01-08,6,7802,Colombo,6.909445,79.875341,26.96,76.72,3.25,6,1,1,0,0,13.0,11.0,22.0,20.666666666666668,31.821428571428573,20.683712,20.0,68,1,Moderate,112.0
2023-01-08,7,7802,Colombo,6.909445,79.875341,28.64,69.17,2.96,6,1,1,1,0,20.0,15.0,27.0,21.041666666666668,31.75,19.810288,24.0,76,1,Moderate,129.0
2023-01-08,8,7802,Colombo,6.909445,79.875341,28.94,72.16,3.03,6,1,1,1,0,24.0,20.0,30.0,21.708333333333332,31.714285714285715,20.883104,36.0,102,2,Unhealthy (Sensitive),122.0
2023-01-08,9,7802,Colombo,6.909445,79.875341,28.57,71.48,3.35,6,1,1,1,0,36.0,24.0,24.0,22.375,31.726190476190474,20.421836,40.0,112,2,Unhealthy (Sensitive),127.0
2023-01-08,10,7802,Colombo,6.909445,79.875341,28.96,72.63,3.55,6,1,1,0,0,40.0,16.0,22.0,22.791666666666668,31.595238095238095,21.033648,26.0,80,1,Moderate,115.0
2023-01-08,11,7802,Colombo,6.909445,79.875341,29.2,70.4,3.35,6,1,1,0,0,26.0,25.0,27.0,22.875,31.511904761904763,20.556800000000003,27.0,82,1,Moderate,105.0
2023-01-08,12,7802,Colombo,6.909445,79.875341,29.18,67.77,3.01,6,1,1,0,0,27.0,21.0,19.0,23.416666666666668,31.547619047619047,19.775285999999998,34.0,97,1,Moderate,93.0
2023-01-08,13,7802,Colombo,6.909445,79.875341,29.59,66.95,3.09,6,1,1,0,0,34.0,18.0,18.0,24.208333333333332,31.625,19.810505,37.0,105,2,Unhealthy (Sensitive),89.0
2023-01-08,14,7802,Colombo,6.909445,79.875341,29.28,74.91,2.83,6,1,1,0,0,37.0,19.0,17.0,25.0,31.738095238095237,21.933647999999998,38.0,107,2,Unhealthy (Sensitive),87.0
2023-01-08,15,7802,Colombo,6.909445,79.875341,28.72,71.56,3.1,6,1,1,0,0,38.0,18.0,11.0,26.083333333333332,31.863095238095237,20.552032,44.0,122,2,Unhealthy (Sensitive),99.0
2023-01-08,16,7802,Colombo,6.909445,79.875341,27.63,70.31,2.96,6,1,1,0,0,44.0,20.0,14.0,27.083333333333332,31.988095238095237,19.426652999999998,44.0,122,2,Unhealthy (Sensitive),97.0
2023-01-08,17,7802,Colombo,6.909445,79.875341,27.12,71.85,2.82,6,1,1,1,0,44.0,17.0,13.0,28.625,32.13690476190476,19.48572,54.0,147,2,Unhealthy (Sensitive),95.0
2023-01-08,18,7802,Colombo,6.909445,79.875341,27.8,75.11,4.32,6,1,1,1,0,54.0,34.0,24.0,29.666666666666668,32.339285714285715,20.88058,59.0,153,3,Unhealthy,95.0
2023-01-08,19,7802,Colombo,6.909445,79.875341,27.18,72.33,3.51,6,1,1,1,0,59.0,29.0,42.0,31.208333333333332,32.48809523809524,19.659294,66.0,156,3,Unhealthy,122.0
2023-01-08,20,7802,Colombo,6.909445,79.875341,26.94,79.4,3.49,6,1,1,0,0,66.0,23.0,43.0,33.125,32.63095238095238,21.39036,69.0,158,3,Unhealthy,129.0
2023-01-08,21,7802,Colombo,6.909445,79.875341,26.8,79.29,3.65,6,1,1,0,0,69.0,42.0,36.0,34.125,32.708333333333336,21.249720000000003,66.0,156,3,Unhealthy,112.0
2023-01-08,22,7802,Colombo,6.909445,79.875341,25.91,82.14,2.82,6,1,1,0,0,66.0,25.0,27.0,35.708333333333336,32.79761904761905,21.282474,63.0,155,3,Unhealthy,91.0
2023-01-08,23,7802,Colombo,6.909445,79.875341,25.38,82.71,2.88,6,1,1,0,0,63.0,15.0,19.0,37.541666666666664,32.80357142857143,20.991798,59.0,153,3,Unhealthy,84.0
2023-01-09,0,7802,Colombo,6.909445,79.875341,25.76,80.67,4.35,0,1,0,0,0,59.0,17.0,12.0,39.125,32.88095238095238,20.780592000000002,55.0,149,2,Unhealthy (Sensitive),72.0
2023-01-09,1,7802,Colombo,6.909445,79.875341,24.75,80.78,2.83,0,1,0,0,0,55.0,16.0,8.0,40.791666666666664,33.0,19.99305,56.0,151,3,Unhealthy,74.0
2023-01-09,2,7802,Colombo,6.909445,79.875341,26.11,78.88,3.02,0,1,0,0,0,56.0,18.0,6.0,42.166666666666664,33.160714285714285,20.595568,51.0,139,2,Unhealthy (Sensitive),61.0
2023-01-09,3,7802,Colombo,6.909445,79.875341,26.8,83.3,2.93,0,1,0,0,0,51.0,13.0,8.0,43.5,33.30357142857143,22.3244,45.0,124,2,Unhealthy (Sensitive),63.0
2023-01-09,4,7802,Colombo,6.909445,79.875341,26.02,77.5,3.54,0,1,0,0,0,45.0,18.0,6.0,44.541666666666664,33.410714285714285,20.165499999999998,43.0,119,2,Unhealthy (Sensitive),66.0
2023-01-09,5,7802,Colombo,6.909445,79.875341,26.67,78.93,3.7,0,1,0,0,0,43.0,13.0,14.0,45.833333333333336,33.523809523809526,21.050631000000003,44.0,122,2,Unhealthy (Sensitive),55.0
2023-01-09,6,7802,Colombo,6.909445,79.875341,27.65,75.31,4.1,0,1,0,0,0,44.0,20.0,11.0,46.666666666666664,33.583333333333336,20.823215,40.0,112,2,Unhealthy (Sensitive),68.0
2023-01-09,7,7802,Colombo,6.909445,79.875341,27.41,73.46,3.63,0,1,0,1,0,40.0,24.0,15.0,47.625,33.61904761904762,20.135385999999997,47.0,129,2,Unhealthy (Sensitive),87.0
2023-01-09,8,7802,Colombo,6.909445,79.875341,29.07,68.66,3.22,0,1,0,1,0,47.0,36.0,20.0,47.958333333333336,33.55357142857143,19.959462,44.0,122,2,Unhealthy (Sensitive),95.0
2023-01-09,9,7802,Colombo,6.909445,79.875341,28.8,70.07,3.2,0,1,0,1,0,44.0,40.0,24.0,48.208333333333336,33.595238095238095,20.180159999999997,46.0,127,2,Unhealthy (Sensitive),82.0
2023-01-09,10,7802,Colombo,6.909445,79.875341,29.95,69.76,2.88,0,1,0,0,0,46.0,26.0,16.0,48.833333333333336,33.63095238095238,20.89312,41.0,115,2,Unhealthy (Sensitive),95.0
2023-01-09,11,7802,Colombo,6.909445,79.875341,28.8,69.81,3.13,0,1,0,0,0,41.0,27.0,25.0,49.25,33.607142857142854,20.10528,37.0,105,2,Unhealthy (Sensitive),91.0
2023-01-09,12,7802,Colombo,6.909445,79.875341,29.81,68.47,4.26,0,1,0,0,0,37.0,34.0,21.0,49.166666666666664,33.61309523809524,20.410906999999998,32.0,93,1,Moderate,84.0
2023-01-09,13,7802,Colombo,6.909445,79.875341,29.58,68.01,3.06,0,1,0,0,0,32.0,37.0,18.0,48.875,33.63690476190476,20.117358,30.0,89,1,Moderate,78.0
2023-01-09,14,7802,Colombo,6.909445,79.875341,28.58,70.16,3.45,0,1,0,0,0,30.0,38.0,19.0,48.5,33.595238095238095,20.051727999999997,29.0,87,1,Moderate,82.0
2023-01-09,15,7802,Colombo,6.909445,79.875341,29.36,71.1,4.09,0,1,0,0,0,29.0,44.0,18.0,48.125,33.625,20.874959999999998,35.0,99,1,Moderate,76.0
2023-01-09,16,7802,Colombo,6.909445,79.875341,29.11,70.77,3.78,0,1,0,0,0,35.0,44.0,20.0,47.708333333333336,33.63690476190476,20.601146999999997,34.0,97,1,Moderate,84.0
2023-01-09,17,7802,Colombo,6.909445,79.875341,28.76,74.22,2.83,0,1,0,1,0,34.0,54.0,17.0,46.833333333333336,33.648809523809526,21.345672,33.0,95,1,Moderate,74.0
2023-01-09,18,7802,Colombo,6.909445,79.875341,27.91,71.88,2.84,0,1,0,1,0,33.0,59.0,34.0,45.75,33.61309523809524,20.061708,33.0,95,1,Moderate,89.0
2023-01-09,19,7802,Colombo,6.909445,79.875341,26.67,72.94,2.83,0,1,0,1,0,33.0,66.0,29.0,44.833333333333336,33.720238095238095,19.453098,44.0,122,2,Unhealthy (Sensitive),95.0
2023-01-09,20,7802,Colombo,6.909445,79.875341,26.04,77.76,4.55,0,1,0,0,0,44.0,69.0,23.0,43.916666666666664,33.714285714285715,20.248704,47.0,129,2,Unhealthy (Sensitive),117.0
2023-01-09,21,7802,Colombo,6.909445,79.875341,25.79,82.36,2.81,0,1,0,0,0,47.0,66.0,42.0,42.833333333333336,33.69047619047619,21.240643999999996,40.0,112,2,Unhealthy (Sensitive),87.0
2023-01-09,22,7802,Colombo,6.909445,79.875341,25.95,81.18,3.01,0,1,0,0,0,40.0,63.0,25.0,41.5,33.625,21.06621,31.0,91,1,Moderate,84.0
2023-01-09,23,7802,Colombo,6.909445,79.875341,25.47,80.28,2.88,0,1,0,0,0,31.0,59.0,15.0,40.208333333333336,33.56547619047619,20.447315999999997,28.0,84,1,Moderate,80.0
2023-01-10,0,7802,Colombo,6.909445,79.875341,25.45,83.06,3.7,1,1,0,0,0,28.0,55.0,17.0,38.833333333333336,33.51190476190476,21.13877,22.0,72,1,Moderate,82.0
2023-01-10,1,7802,Colombo,6.909445,79.875341,26.24,82.41,2.86,1,1,0,0,0,22.0,56.0,16.0,37.458333333333336,33.476190476190474,21.624384,23.0,74,1,Moderate,82.0
2023-01-10,2,7802,Colombo,6.909445,79.875341,25.56,83.84,3.0,1,1,0,0,0,23.0,51.0,18.0,36.041666666666664,33.392857142857146,21.429504,17.0,61,1,Moderate,87.0
2023-01-10,3,7802,Colombo,6.909445,79.875341,26.12,74.78,2.81,1,1,0,0,0,17.0,45.0,13.0,34.916666666666664,33.345238095238095,19.532536,18.0,63,1,Moderate,82.0
2023-01-10,4,7802,Colombo,6.909445,79.875341,27.02,77.41,3.22,1,1,0,0,0,18.0,43.0,18.0,33.916666666666664,33.29761904761905,20.916182,19.0,66,1,Moderate,95.0
2023-01-10,5,7802,Colombo,6.909445,79.875341,26.62,74.92,2.98,1,1,0,0,0,19.0,44.0,13.0,32.666666666666664,33.23809523809524,19.943704,14.0,55,1,Moderate,105.0
2023-01-10,6,7802,Colombo,6.909445,79.875341,27.26,74.85,2.81,1,1,0,0,0,14.0,40.0,20.0,31.833333333333332,33.19642857142857,20.40411,20.0,68,1,Moderate,107.0
2023-01-10,7,7802,Colombo,6.909445,79.875341,28.24,71.85,3.2,1,1,0,1,0,20.0,47.0,24.0,31.083333333333332,33.17261904761905,20.290439999999997,29.0,87,1,Moderate,129.0
2023-01-10,8,7802,Colombo,6.909445,79.875341,27.82,74.29,3.3,1,1,0,1,0,29.0,44.0,36.0,30.625,33.11904761904762,20.667478000000003,33.0,95,1,Moderate,107.0
2023-01-10,9,7802,Colombo,6.909445,79.875341,28.83,72.23,4.91,1,1,0,1,0,33.0,46.0,40.0,29.833333333333332,33.041666666666664,20.823909,27.0,82,1,Moderate,95.0
2023-01-10,10,7802,Colombo,6.909445,79.875341,29.59,67.48,2.87,1,1,0,0,0,27.0,41.0,26.0,29.5,32.970238095238095,19.967332000000003,33.0,95,1,Moderate,102.0
2023-01-10,11,7802,Colombo,6.909445,79.875341,29.14,70.86,3.25,1,1,0,0,0,33.0,37.0,27.0,29.25,32.898809523809526,20.648604,31.0,91,1,Moderate,107.0
2023-01-10,12,7802,Colombo,6.909445,79.875341,29.54,67.89,2.95,1,1,0,0,0,31.0,32.0,34.0,29.083333333333332,32.839285714285715,20.054706,28.0,84,1,Moderate,70.0
2023-01-10,13,7802,Colombo,6.909445,79.875341,30.17,66.76,3.1,1,1,0,0,0,28.0,30.0,37.0,28.875,32.833333333333336,20.141492000000003,25.0,78,1,Moderate,61.0
2023-01-10,14,7802,Colombo,6.909445,79.875341,29.98,67.0,3.15,1,1,0,0,0,25.0,29.0,38.0,28.791666666666668,32.81547619047619,20.0866,27.0,82,1,Moderate,68.0
2023-01-10,15,7802,Colombo,6.909445,79.875341,29.78,72.62,3.13,1,1,0,0,0,27.0,35.0,44.0,28.333333333333332,32.79761904761905,21.626236000000002,24.0,76,1,Moderate,91.0
2023-01-10,16,7802,Colombo,6.909445,79.875341,28.55,72.64,2.97,1,1,0,0,0,24.0,34.0,44.0,28.083333333333332,32.79761904761905,20.738719999999997,28.0,84,1,Moderate,82.0
2023-01-10,17,7802,Colombo,6.909445,79.875341,28.57,75.11,3.16,1,1,0,1,0,28.0,33.0,54.0,27.666666666666668,32.773809523809526,21.458927,23.0,74,1,Moderate,50.0
2023-01-10,18,7802,Colombo,6.909445,79.875341,26.5,75.98,3.38,1,1,0,1,0,23.0,33.0,59.0,27.541666666666668,32.73809523809524,20.1347,30.0,89,1,Moderate,46.0
2023-01-10,19,7802,Colombo,6.909445,79.875341,26.6,75.26,2.85,1,1,0,1,0,30.0,44.0,66.0,27.083333333333332,32.61309523809524,20.019160000000003,33.0,95,1,Moderate,74.0
2023-01-10,20,7802,Colombo,6.909445,79.875341,26.71,77.73,3.74,1,1,0,0,0,33.0,47.0,69.0,26.875,32.50595238095238,20.761683,42.0,117,2,Unhealthy (Sensitive),84.0
2023-01-10,21,7802,Colombo,6.909445,79.875341,25.85,80.55,3.22,1,1,0,0,0,42.0,40.0,66.0,26.416666666666668,32.404761904761905,20.822175,29.0,87,1,Moderate,95.0
2023-01-10,22,7802,Colombo,6.909445,79.875341,26.25,82.14,3.76,1,1,0,0,0,29.0,31.0,63.0,26.291666666666668,32.333333333333336,21.561750000000004,28.0,84,1,Moderate,68.0
2023-01-10,23,7802,Colombo,6.909445,79.875341,25.19,81.74,3.96,1,1,0,0,0,28.0,28.0,59.0,26.208333333333332,32.24404761904762,20.590306,26.0,80,1,Moderate,66.0
2023-01-11,0,7802,Colombo,6.909445,79.875341,25.86,81.17,3.21,2,1,0,0,0,26.0,22.0,55.0,26.416666666666668,32.19047619047619,20.990562,27.0,82,1,Moderate,57.0
2023-01-11,1,7802,Colombo,6.909445,79.875341,26.04,80.71,2.89,2,1,0,0,0,27.0,23.0,56.0,26.583333333333332,32.166666666666664,21.016883999999994,27.0,82,1,Moderate,61.0
2023-01-11,2,7802,Colombo,6.909445,79.875341,25.39,77.47,3.56,2,1,0,0,0,27.0,17.0,51.0,27.083333333333332,32.166666666666664,19.669633,29.0,87,1,Moderate,59.0
2023-01-11,3,7802,Colombo,6.909445,79.875341,26.2,82.46,4.09,2,1,0,0,0,29.0,18.0,45.0,27.458333333333332,32.17857142857143,21.604519999999997,27.0,82,1,Moderate,70.0
2023-01-16,7,7802,Colombo,6.909445,79.875341,28.05,73.22,2.98,0,1,0,1,0,27.0,19.0,43.0,28.041666666666668,32.17857142857143,20.53821,33.0,95,1,Moderate,91.0
2023-01-16,8,7802,Colombo,6.909445,79.875341,27.83,67.89,2.95,0,1,0,1,0,33.0,14.0,44.0,29.0,32.226190476190474,18.893787,37.0,105,2,Unhealthy (Sensitive),124.0
2023-01-16,9,7802,Colombo,6.909445,79.875341,28.44,71.63,3.19,0,1,0,1,0,37.0,20.0,40.0,29.75,32.26190476190476,20.371572,38.0,107,2,Unhealthy (Sensitive),105.0
2023-01-16,10,7802,Colombo,6.909445,79.875341,29.36,72.25,3.57,0,1,0,0,0,38.0,29.0,47.0,30.5,32.30357142857143,21.2126,47.0,129,2,Unhealthy (Sensitive),91.0
2023-01-16,11,7802,Colombo,6.909445,79.875341,28.55,69.53,3.73,0,1,0,0,0,47.0,33.0,44.0,30.708333333333332,32.232142857142854,19.850815,38.0,107,2,Unhealthy (Sensitive),84.0
2023-01-16,12,7802,Colombo,6.909445,79.875341,29.18,65.81,4.24,0,1,0,0,0,38.0,27.0,46.0,30.958333333333332,32.13690476190476,19.203358,33.0,95,1,Moderate,82.0
2023-01-16,13,7802,Colombo,6.909445,79.875341,29.46,70.97,3.85,0,1,0,0,0,33.0,33.0,41.0,31.083333333333332,32.101190476190474,20.907762,36.0,102,2,Unhealthy (Sensitive),91.0
2023-01-16,14,7802,Colombo,6.909445,79.875341,29.82,69.57,4.81,0,1,0,0,0,36.0,31.0,37.0,31.375,32.035714285714285,20.745773999999997,38.0,107,2,Unhealthy (Sensitive),82.0
2023-01-16,15,7802,Colombo,6.909445,79.875341,28.41,68.92,3.36,0,1,0,0,0,38.0,28.0,32.0,31.083333333333332,31.928571428571427,19.580172,21.0,70,1,Moderate,76.0
2023-01-16,16,7802,Colombo,6.909445,79.875341,28.33,72.26,3.02,0,1,0,0,0,21.0,25.0,30.0,30.75,31.827380952380953,20.471258,17.0,61,1,Moderate,68.0
2023-01-16,17,7802,Colombo,6.909445,79.875341,28.11,72.97,3.34,0,1,0,1,0,17.0,27.0,29.0,30.458333333333332,31.720238095238095,20.511867,20.0,68,1,Moderate,68.0
2023-01-16,18,7802,Colombo,6.909445,79.875341,27.88,76.25,2.87,0,1,0,1,0,20.0,24.0,35.0,30.75,31.68452380952381,21.258499999999998,31.0,91,1,Moderate,82.0
2023-01-16,19,7802,Colombo,6.909445,79.875341,26.2,77.15,3.07,0,1,0,1,0,31.0,28.0,34.0,30.708333333333332,31.666666666666668,20.2133,27.0,82,1,Moderate,82.0
2023-01-16,20,7802,Colombo,6.909445,79.875341,27.06,74.88,3.78,0,1,0,0,0,27.0,23.0,33.0,30.25,31.517857142857142,20.262527999999996,12.0,50,0,Good,97.0
2023-01-16,21,7802,Colombo,6.909445,79.875341,26.31,78.17,3.69,0,1,0,0,0,12.0,30.0,33.0,29.458333333333332,31.36904761904762,20.566527,11.0,46,0,Good,61.0
2023-01-16,22,7802,Colombo,6.909445,79.875341,25.23,79.67,3.0,0,1,0,0,0,11.0,33.0,44.0,29.041666666666668,31.178571428571427,20.100741,23.0,74,1,Moderate,72.0
2023-01-16,23,7802,Colombo,6.909445,79.875341,25.21,84.11,2.97,0,1,0,0,0,23.0,42.0,47.0,28.458333333333332,31.011904761904763,21.204131000000004,28.0,84,1,Moderate,87.0
2023-01-17,0,7802,Colombo,6.909445,79.875341,25.56,83.66,2.9,1,1,0,0,0,28.0,29.0,40.0,28.625,30.910714285714285,21.383496,33.0,95,1,Moderate,68.0
2023-01-17,1,7802,Colombo,6.909445,79.875341,25.84,80.73,3.0,1,1,0,0,0,33.0,28.0,31.0,28.291666666666668,30.720238095238095,20.860632,20.0,68,1,Moderate,76.0
2023-01-17,2,7802,Colombo,6.909445,79.875341,26.23,79.56,3.06,1,1,0,0,0,20.0,26.0,28.0,28.0,30.56547619047619,20.868588,19.0,66,1,Moderate,78.0
2023-01-17,3,7802,Colombo,6.909445,79.875341,25.92,81.63,3.12,1,1,0,0,0,19.0,27.0,22.0,27.5,30.398809523809526,21.158496,15.0,57,1,Moderate,72.0
2023-01-17,4,7802,Colombo,6.909445,79.875341,26.19,78.92,3.99,1,1,0,0,0,15.0,27.0,23.0,27.083333333333332,30.273809523809526,20.669148,17.0,61,1,Moderate,68.0
2023-01-17,5,7802,Colombo,6.909445,79.875341,27.14,76.69,2.86,1,1,0,0,0,17.0,29.0,17.0,26.541666666666668,30.148809523809526,20.813665999999998,16.0,59,1,Moderate,80.0
2023-01-17,6,7802,Colombo,6.909445,79.875341,27.4,74.07,2.88,1,1,0,0,0,16.0,27.0,18.0,26.291666666666668,30.053571428571427,20.29518,21.0,70,1,Moderate,82.0
2023-01-17,7,7802,Colombo,6.909445,79.875341,27.72,72.12,3.35,1,1,0,1,0,21.0,33.0,19.0,26.208333333333332,30.047619047619047,19.991664,31.0,91,1,Moderate,110.0
2023-01-17,8,7802,Colombo,6.909445,79.875341,27.75,70.87,2.81,1,1,0,1,0,31.0,37.0,14.0,26.541666666666668,30.125,19.666425,45.0,124,2,Unhealthy (Sensitive),115.0
2023-01-17,9,7802,Colombo,6.909445,79.875341,29.47,71.01,3.33,1,1,0,1,0,45.0,38.0,20.0,26.5,30.113095238095237,20.926647000000003,37.0,105,2,Unhealthy (Sensitive),102.0
2023-01-17,10,7802,Colombo,6.909445,79.875341,29.42,71.77,3.59,1,1,0,0,0,37.0,47.0,29.0,25.833333333333332,30.05952380952381,21.114734,31.0,91,1,Moderate,107.0
2023-01-17,11,7802,Colombo,6.909445,79.875341,28.82,69.25,2.85,1,1,0,0,0,31.0,38.0,33.0,25.416666666666668,29.875,19.95785,28.0,84,1,Moderate,99.0
2023-01-17,12,7802,Colombo,6.909445,79.875341,30.09,71.43,3.74,1,1,0,0,0,28.0,33.0,27.0,25.166666666666668,29.63095238095238,21.493287,27.0,82,1,Moderate,112.0
2023-01-17,13,7802,Colombo,6.909445,79.875341,29.42,66.59,2.8,1,1,0,0,0,27.0,36.0,33.0,24.958333333333332,29.428571428571427,19.590778000000004,31.0,91,1,Moderate,105.0
2023-01-17,14,7802,Colombo,6.909445,79.875341,29.06,68.93,3.41,1,1,0,0,0,31.0,38.0,31.0,24.5,29.321428571428573,20.031058,27.0,82,1,Moderate,110.0
2023-01-17,15,7802,Colombo,6.909445,79.875341,28.76,70.26,2.86,1,1,0,0,0,27.0,21.0,28.0,24.625,29.172619047619047,20.206776,24.0,76,1,Moderate,112.0
2023-01-17,16,7802,Colombo,6.909445,79.875341,27.73,74.41,3.27,1,1,0,0,0,24.0,17.0,25.0,24.75,29.101190476190474,20.633892999999997,20.0,68,1,Moderate,95.0
2023-01-17,17,7802,Colombo,6.909445,79.875341,28.97,74.01,3.43,1,1,0,1,0,20.0,20.0,27.0,24.75,29.06547619047619,21.440697,20.0,68,1,Moderate,89.0
2023-01-17,18,7802,Colombo,6.909445,79.875341,27.58,74.37,3.08,1,1,0,1,0,20.0,31.0,24.0,24.583333333333332,29.041666666666668,20.511246,27.0,82,1,Moderate,105.0
2023-01-17,19,7802,Colombo,6.909445,79.875341,26.0,79.79,2.82,1,1,0,1,0,27.0,27.0,28.0,24.583333333333332,29.077380952380953,20.7454,27.0,82,1,Moderate,139.0
2023-01-17,20,7802,Colombo,6.909445,79.875341,26.96,77.47,2.97,1,1,0,0,0,27.0,12.0,23.0,25.5,28.976190476190474,20.885911999999998,34.0,97,1,Moderate,144.0
2023-01-17,21,7802,Colombo,6.909445,79.875341,25.68,78.59,3.66,1,1,0,0,0,34.0,11.0,30.0,25.75,28.886904761904763,20.181912,17.0,61,1,Moderate,152.0
2023-01-17,22,7802,Colombo,6.909445,79.875341,25.15,83.13,2.96,1,1,0,0,0,17.0,23.0,33.0,25.708333333333332,28.875,20.907194999999998,22.0,72,1,Moderate,139.0
2023-01-17,23,7802,Colombo,6.909445,79.875341,26.68,79.51,2.81,1,1,0,0,0,22.0,28.0,42.0,25.75,28.886904761904763,21.213268000000003,29.0,87,1,Moderate,122.0
2023-01-18,0,7802,Colombo,6.909445,79.875341,25.84,79.62,3.58,2,1,0,0,0,29.0,33.0,29.0,25.208333333333332,28.714285714285715,20.573808,20.0,68,1,Moderate,115.0
2023-01-18,1,7802,Colombo,6.909445,79.875341,25.85,81.05,2.96,2,1,0,0,0,20.0,20.0,28.0,25.375,28.648809523809526,20.951425,24.0,76,1,Moderate,119.0
2023-01-18,2,7802,Colombo,6.909445,79.875341,26.03,78.62,2.84,2,1,0,0,0,24.0,19.0,26.0,25.625,28.601190476190474,20.464786,25.0,78,1,Moderate,110.0
2023-01-18,3,7802,Colombo,6.909445,79.875341,25.45,80.8,3.04,2,1,0,0,0,25.0,15.0,27.0,25.916666666666668,28.541666666666668,20.563599999999997,22.0,72,1,Moderate,119.0
2023-01-18,4,7802,Colombo,6.909445,79.875341,25.74,80.45,3.39,2,1,0,0,0,22.0,17.0,27.0,26.041666666666668,28.517857142857142,20.707829999999998,20.0,68,1,Moderate,110.0
2023-01-18,5,7802,Colombo,6.909445,79.875341,26.2,81.01,3.48,2,1,0,0,0,20.0,16.0,29.0,26.458333333333332,28.56547619047619,21.22462,26.0,80,1,Moderate,115.0
2023-01-18,6,7802,Colombo,6.909445,79.875341,27.76,75.77,2.82,2,1,0,0,0,26.0,21.0,27.0,26.708333333333332,28.601190476190474,21.033752,27.0,82,1,Moderate,117.0
2023-01-18,7,7802,Colombo,6.909445,79.875341,27.66,74.38,2.94,2,1,0,1,0,27.0,31.0,33.0,27.041666666666668,28.702380952380953,20.573507999999997,39.0,110,2,Unhealthy (Sensitive),139.0
2023-01-18,8,7802,Colombo,6.909445,79.875341,27.95,72.15,3.23,2,1,0,1,0,39.0,45.0,37.0,26.875,28.797619047619047,20.165925,41.0,115,2,Unhealthy (Sensitive),139.0
2023-01-18,9,7802,Colombo,6.909445,79.875341,29.59,71.63,2.96,2,1,0,1,0,41.0,37.0,38.0,26.833333333333332,28.88095238095238,21.195317,36.0,102,2,Unhealthy (Sensitive),139.0
2023-01-18,10,7802,Colombo,6.909445,79.875341,29.29,68.6,3.18,2,1,0,0,0,36.0,31.0,47.0,27.125,28.946428571428573,20.09294,38.0,107,2,Unhealthy (Sensitive),115.0
2023-01-18,11,7802,Colombo,6.909445,79.875341,29.69,67.45,3.11,2,1,0,0,0,38.0,28.0,38.0,27.416666666666668,28.976190476190474,20.025905,35.0,99,1,Moderate,110.0
2023-01-18,12,7802,Colombo,6.909445,79.875341,29.39,67.85,3.8,2,1,0,0,0,35.0,27.0,33.0,27.958333333333332,29.071428571428573,19.941115,40.0,112,2,Unhealthy (Sensitive),91.0
2023-01-18,13,7802,Colombo,6.909445,79.875341,29.08,69.07,3.57,2,1,0,0,0,40.0,31.0,36.0,28.208333333333332,29.160714285714285,20.085555999999997,37.0,105,2,Unhealthy (Sensitive),93.0
2023-01-18,14,7802,Colombo,6.909445,79.875341,28.88,72.07,3.93,2,1,0,0,0,37.0,27.0,38.0,28.708333333333332,29.232142857142858,20.813815999999996,39.0,110,2,Unhealthy (Sensitive),97.0
2023-01-18,15,7802,Colombo,6.909445,79.875341,29.36,72.55,3.29,2,1,0,0,0,39.0,24.0,21.0,29.375,29.357142857142858,21.300679999999996,40.0,112,2,Unhealthy (Sensitive),93.0
2023-01-18,16,7802,Colombo,6.909445,79.875341,28.38,73.16,3.57,2,1,0,0,0,40.0,20.0,17.0,29.916666666666668,29.446428571428573,20.762808,33.0,95,1,Moderate,93.0
2023-01-18,17,7802,Colombo,6.909445,79.875341,28.08,72.78,3.13,2,1,0,1,0,33.0,20.0,20.0,30.333333333333332,29.523809523809526,20.436624,30.0,89,1,Moderate,102.0
2023-01-18,18,7802,Colombo,6.909445,79.875341,28.13,75.87,2.98,2,1,0,1,0,30.0,27.0,31.0,30.75,29.678571428571427,21.342231,37.0,105,2,Unhealthy (Sensitive),115.0
2023-01-18,19,7802,Colombo,6.909445,79.875341,26.69,77.63,2.94,2,1,0,1,0,37.0,27.0,27.0,31.75,29.898809523809526,20.719447,51.0,139,2,Unhealthy (Sensitive),134.0
2023-01-18,20,7802,Colombo,6.909445,79.875341,27.45,80.43,3.43,2,1,0,0,0,51.0,34.0,12.0,32.541666666666664,30.136904761904763,22.078035,53.0,144,2,Unhealthy (Sensitive),129.0
2023-01-18,21,7802,Colombo,6.909445,79.875341,26.09,81.25,2.93,2,1,0,0,0,53.0,17.0,11.0,34.25,30.339285714285715,21.198125,58.0,152,3,Unhealthy,127.0
2023-01-18,22,7802,Colombo,6.909445,79.875341,26.5,77.86,3.01,2,1,0,0,0,58.0,22.0,23.0,35.458333333333336,30.392857142857142,20.6329,51.0,139,2,Unhealthy (Sensitive),117.0
2023-01-18,23,7802,Colombo,6.909445,79.875341,25.39,80.05,2.88,2,1,0,0,0,51.0,29.0,28.0,36.083333333333336,30.398809523809526,20.324695,44.0,122,2,Unhealthy (Sensitive),122.0
2023-01-19,0,7802,Colombo,6.909445,79.875341,25.26,77.62,4.15,3,1,0,0,0,44.0,20.0,33.0,36.958333333333336,30.428571428571427,19.606812,41.0,115,2,Unhealthy (Sensitive),117.0
2023-01-19,1,7802,Colombo,6.909445,79.875341,25.65,81.24,3.49,3,1,0,0,0,41.0,24.0,20.0,37.75,30.523809523809526,20.838059999999995,43.0,119,2,Unhealthy (Sensitive),122.0
2023-01-19,2,7802,Colombo,6.909445,79.875341,26.14,80.4,4.9,3,1,0,0,0,43.0,25.0,19.0,38.333333333333336,30.642857142857142,21.016560000000005,39.0,110,2,Unhealthy (Sensitive),119.0
2023-01-19,3,7802,Colombo,6.909445,79.875341,25.87,79.77,3.45,3,1,0,0,0,39.0,22.0,15.0,39.208333333333336,30.827380952380953,20.636499,43.0,119,2,Unhealthy (Sensitive),99.0
2023-01-19,4,7802,Colombo,6.909445,79.875341,26.37,78.37,5.1,3,1,0,0,0,43.0,20.0,17.0,40.0,31.011904761904763,20.666169,39.0,110,2,Unhealthy (Sensitive),115.0
2023-01-19,5,7802,Colombo,6.909445,79.875341,27.67,77.23,2.86,3,1,0,0,0,39.0,26.0,16.0,40.625,31.220238095238095,21.369541000000005,41.0,115,2,Unhealthy (Sensitive),115.0
2023-01-19,6,7802,Colombo,6.909445,79.875341,27.6,77.28,3.14,3,1,0,0,0,41.0,27.0,21.0,41.25,31.422619047619047,21.329280000000004,42.0,117,2,Unhealthy (Sensitive),124.0
2023-01-19,7,7802,Colombo,6.909445,79.875341,27.45,73.68,3.21,3,1,0,1,0,42.0,39.0,31.0,41.75,31.69047619047619,20.225160000000002,51.0,139,2,Unhealthy (Sensitive),144.0
2023-01-19,8,7802,Colombo,6.909445,79.875341,27.76,69.18,2.82,3,1,0,1,0,51.0,41.0,45.0,42.166666666666664,31.910714285714285,19.204368000000002,51.0,139,2,Unhealthy (Sensitive),155.0
2023-01-19,9,7802,Colombo,6.909445,79.875341,28.74,70.77,2.92,3,1,0,1,0,51.0,36.0,37.0,42.791666666666664,32.148809523809526,20.339298,51.0,139,2,Unhealthy (Sensitive),154.0
2023-01-19,10,7802,Colombo,6.909445,79.875341,29.29,66.72,3.03,3,1,0,0,0,51.0,38.0,31.0,42.916666666666664,32.30357142857143,19.542288,41.0,115,2,Unhealthy (Sensitive),147.0
2023-01-19,11,7802,Colombo,6.909445,79.875341,29.22,67.56,3.25,3,1,0,0,0,41.0,35.0,28.0,43.083333333333336,32.416666666666664,19.741032,39.0,110,2,Unhealthy (Sensitive),147.0
2023-01-19,12,7802,Colombo,6.909445,79.875341,28.81,68.18,3.3,3,1,0,0,0,39.0,40.0,27.0,42.708333333333336,32.458333333333336,19.642658,31.0,91,1,Moderate,119.0
2023-01-19,13,7802,Colombo,6.909445,79.875341,30.23,68.24,2.87,3,1,0,0,0,31.0,37.0,31.0,42.5,32.55357142857143,20.628951999999998,32.0,93,1,Moderate,115.0
2023-01-19,14,7802,Colombo,6.909445,79.875341,30.27,70.64,3.36,3,1,0,0,0,32.0,39.0,27.0,42.291666666666664,32.607142857142854,21.382728,34.0,97,1,Moderate,129.0
2023-01-19,15,7802,Colombo,6.909445,79.875341,29.49,71.2,4.74,3,1,0,0,0,34.0,40.0,24.0,41.958333333333336,32.67261904761905,20.99688,32.0,93,1,Moderate,137.0
2023-01-19,16,7802,Colombo,6.909445,79.875341,28.55,70.45,3.95,3,1,0,0,0,32.0,33.0,20.0,41.916666666666664,32.75595238095238,20.113475,32.0,93,1,Moderate,139.0
2023-01-19,17,7802,Colombo,6.909445,79.875341,28.4,73.55,2.94,3,1,0,1,0,32.0,30.0,20.0,42.166666666666664,32.857142857142854,20.888199999999998,36.0,102,2,Unhealthy (Sensitive),152.0
2023-01-19,18,7802,Colombo,6.909445,79.875341,27.55,75.28,3.3,3,1,0,1,0,36.0,37.0,27.0,42.333333333333336,32.99404761904762,20.739639999999998,41.0,115,2,Unhealthy (Sensitive),156.0
2023-01-19,19,7802,Colombo,6.909445,79.875341,27.3,76.39,4.56,3,1,0,1,0,41.0,51.0,27.0,42.25,33.166666666666664,20.854470000000003,49.0,134,2,Unhealthy (Sensitive),157.0
2023-01-19,20,7802,Colombo,6.909445,79.875341,28.01,79.97,4.19,3,1,0,0,0,49.0,53.0,34.0,42.0,33.345238095238095,22.399597,47.0,129,2,Unhealthy (Sensitive),155.0
2023-01-19,21,7802,Colombo,6.909445,79.875341,25.71,77.18,3.33,3,1,0,0,0,47.0,58.0,17.0,41.5,33.416666666666664,19.842978000000002,46.0,127,2,Unhealthy (Sensitive),158.0
2023-01-19,22,7802,Colombo,6.909445,79.875341,26.22,76.53,4.92,3,1,0,0,0,46.0,51.0,22.0,41.125,33.49404761904762,20.066166,42.0,117,2,Unhealthy (Sensitive),144.0
2023-01-19,23,7802,Colombo,6.909445,79.875341,26.39,82.66,4.28,3,1,0,0,0,42.0,44.0,29.0,41.125,33.61904761904762,21.813973999999998,44.0,122,2,Unhealthy (Sensitive),132.0
2023-01-20,0,7802,Colombo,6.909445,79.875341,25.29,77.09,3.53,4,1,0,0,0,44.0,41.0,20.0,41.166666666666664,33.61904761904762,19.496061,42.0,117,2,Unhealthy (Sensitive),117.0
2023-01-20,1,7802,Colombo,6.909445,79.875341,26.17,79.96,3.2,4,1,0,0,0,42.0,43.0,24.0,41.208333333333336,33.732142857142854,20.925531999999997,44.0,122,2,Unhealthy (Sensitive),112.0
2023-01-20,2,7802,Colombo,6.909445,79.875341,25.84,79.19,2.95,4,1,0,0,0,44.0,39.0,25.0,41.375,33.898809523809526,20.462695999999998,43.0,119,2,Unhealthy (Sensitive),117.0
2023-01-20,3,7802,Colombo,6.909445,79.875341,26.59,79.89,2.86,4,1,0,0,0,43.0,43.0,22.0,41.041666666666664,34.00595238095238,21.242751,35.0,99,1,Moderate,112.0
2023-01-20,4,7802,Colombo,6.909445,79.875341,27.3,74.0,3.57,4,1,0,0,0,35.0,39.0,20.0,41.125,34.154761904761905,20.202,41.0,115,2,Unhealthy (Sensitive),129.0
2023-01-20,5,7802,Colombo,6.909445,79.875341,27.68,75.85,2.88,4,1,0,0,0,41.0,41.0,26.0,41.125,34.291666666666664,20.995279999999998,41.0,115,2,Unhealthy (Sensitive),149.0
2023-01-20,6,7802,Colombo,6.909445,79.875341,27.55,76.25,3.55,4,1,0,0,0,41.0,42.0,27.0,41.25,34.482142857142854,21.006875,45.0,124,2,Unhealthy (Sensitive),153.0
2023-01-20,7,7802,Colombo,6.909445,79.875341,28.61,76.11,3.47,4,1,0,1,0,45.0,51.0,39.0,41.333333333333336,34.69047619047619,21.775070999999997,53.0,144,2,Unhealthy (Sensitive),154.0
2023-01-20,8,7802,Colombo,6.909445,79.875341,27.84,72.34,6.57,4,1,0,1,0,53.0,51.0,41.0,41.875,34.99404761904762,20.139456,64.0,155,3,Unhealthy,158.0
2023-01-20,9,7802,Colombo,6.909445,79.875341,28.26,71.32,3.52,4,1,0,1,0,64.0,51.0,36.0,42.333333333333336,35.24404761904762,20.155032,62.0,154,3,Unhealthy,157.0
2023-01-20,10,7802,Colombo,6.909445,79.875341,29.64,70.76,2.97,4,1,0,0,0,62.0,41.0,38.0,42.875,35.42261904761905,20.973264000000004,54.0,147,2,Unhealthy (Sensitive),156.0
2023-01-20,11,7802,Colombo,6.909445,79.875341,29.37,71.78,3.99,4,1,0,0,0,54.0,39.0,35.0,43.5,35.529761904761905,21.081786,54.0,147,2,Unhealthy (Sensitive),154.0
2023-01-20,13,7802,Colombo,6.909445,79.875341,29.17,67.69,3.27,4,1,0,0,0,54.0,31.0,40.0,44.0,35.54761904761905,19.745173,43.0,119,2,Unhealthy (Sensitive),154.0
2023-01-20,14,7802,Colombo,6.909445,79.875341,29.03,72.93,3.1,4,1,0,0,0,43.0,32.0,37.0,44.375,35.63690476190476,21.171579,41.0,115,2,Unhealthy (Sensitive),160.0
2023-01-20,15,7802,Colombo,6.909445,79.875341,28.56,72.39,2.86,4,1,0,0,0,41.0,34.0,39.0,44.916666666666664,35.75595238095238,20.674584,47.0,129,2,Unhealthy (Sensitive),155.0
2023-01-20,16,7802,Colombo,6.909445,79.875341,28.14,74.45,3.09,4,1,0,0,0,47.0,32.0,40.0,45.666666666666664,35.851190476190474,20.95023,50.0,137,2,Unhealthy (Sensitive),155.0
2023-01-20,17,7802,Colombo,6.909445,79.875341,27.62,75.93,3.65,4,1,0,1,0,50.0,32.0,33.0,46.458333333333336,35.93452380952381,20.971866000000006,51.0,139,2,Unhealthy (Sensitive),117.0
2023-01-20,18,7802,Colombo,6.909445,79.875341,28.42,76.09,3.05,4,1,0,1,0,51.0,36.0,30.0,47.375,36.05357142857143,21.624778000000003,58.0,152,3,Unhealthy,153.0
2023-01-20,19,7802,Colombo,6.909445,79.875341,27.04,78.25,3.08,4,1,0,1,0,58.0,41.0,37.0,48.375,36.17857142857143,21.1588,65.0,156,3,Unhealthy,152.0
2023-01-20,20,7802,Colombo,6.909445,79.875341,26.88,75.53,2.87,4,1,0,0,0,65.0,49.0,51.0,49.125,36.31547619047619,20.302464,67.0,157,3,Unhealthy,153.0
2023-01-20,21,7802,Colombo,6.909445,79.875341,25.61,77.63,3.05,4,1,0,0,0,67.0,47.0,53.0,49.791666666666664,36.36904761904762,19.881043,63.0,155,3,Unhealthy,144.0
2023-01-20,22,7802,Colombo,6.909445,79.875341,25.8,79.74,2.87,4,1,0,0,0,63.0,46.0,58.0,50.75,36.42857142857143,20.57292,69.0,158,3,Unhealthy,127.0
2023-01-20,23,7802,Colombo,6.909445,79.875341,25.34,83.13,3.08,4,1,0,0,0,69.0,42.0,51.0,51.208333333333336,36.351190476190474,21.065142,53.0,144,2,Unhealthy (Sensitive),119.0
2023-01-21,0,7802,Colombo,6.909445,79.875341,25.83,78.92,3.08,5,1,1,0,0,53.0,44.0,44.0,51.375,36.226190476190474,20.385036,48.0,132,2,Unhealthy (Sensitive),112.0
2023-01-21,1,7802,Colombo,6.909445,79.875341,25.71,79.67,3.29,5,1,1,0,0,48.0,42.0,41.0,51.375,36.083333333333336,20.483157000000002,42.0,117,2,Unhealthy (Sensitive),93.0
2023-01-21,2,7802,Colombo,6.909445,79.875341,25.22,80.72,3.23,5,1,1,0,0,42.0,44.0,43.0,51.208333333333336,35.94642857142857,20.357584,40.0,112,2,Unhealthy (Sensitive),80.0
2023-01-21,3,7802,Colombo,6.909445,79.875341,25.68,77.55,3.28,5,1,1,0,0,40.0,43.0,39.0,51.166666666666664,35.845238095238095,19.914839999999998,42.0,117,2,Unhealthy (Sensitive),76.0
2023-01-21,4,7802,Colombo,6.909445,79.875341,26.22,79.24,3.05,5,1,1,0,0,42.0,35.0,43.0,51.375,35.75595238095238,20.776728,40.0,112,2,Unhealthy (Sensitive),72.0
2023-01-21,5,7802,Colombo,6.909445,79.875341,26.15,74.99,2.93,5,1,1,0,0,40.0,41.0,39.0,51.625,35.70238095238095,19.609885,47.0,129,2,Unhealthy (Sensitive),74.0
2023-01-21,6,7802,Colombo,6.909445,79.875341,27.42,76.46,2.99,5,1,1,0,0,47.0,41.0,41.0,52.208333333333336,35.726190476190474,20.965332,55.0,149,2,Unhealthy (Sensitive),78.0
2023-01-21,7,7802,Colombo,6.909445,79.875341,27.78,76.92,2.89,5,1,1,1,0,55.0,45.0,42.0,52.791666666666664,35.80952380952381,21.368376,59.0,153,3,Unhealthy,142.0
2023-01-21,8,7802,Colombo,6.909445,79.875341,28.48,73.99,3.48,5,1,1,1,0,59.0,53.0,51.0,53.125,35.916666666666664,21.072352000000002,61.0,154,3,Unhealthy,134.0
2023-01-21,9,7802,Colombo,6.909445,79.875341,29.37,73.02,3.24,5,1,1,1,0,61.0,64.0,51.0,53.333333333333336,36.06547619047619,21.445974,69.0,158,3,Unhealthy,152.0
2023-01-21,10,7802,Colombo,6.909445,79.875341,28.82,70.96,3.06,5,1,1,0,0,69.0,62.0,51.0,53.541666666666664,36.226190476190474,20.450671999999997,67.0,157,3,Unhealthy,132.0
2023-01-21,11,7802,Colombo,6.909445,79.875341,29.43,68.48,3.41,5,1,1,0,0,67.0,54.0,41.0,54.041666666666664,36.339285714285715,20.153664000000003,66.0,156,3,Unhealthy,122.0
2023-01-21,12,7802,Colombo,6.909445,79.875341,30.03,67.73,2.82,5,1,1,0,0,66.0,54.0,39.0,54.333333333333336,36.44047619047619,20.339319000000003,61.0,154,3,Unhealthy,124.0
2023-01-21,13,7802,Colombo,6.909445,79.875341,29.41,69.96,4.52,5,1,1,0,0,61.0,43.0,31.0,55.083333333333336,36.529761904761905,20.575236,61.0,154,3,Unhealthy,115.0
2023-01-21,14,7802,Colombo,6.909445,79.875341,29.0,72.29,4.94,5,1,1,0,0,61.0,41.0,32.0,56.375,36.714285714285715,20.964100000000002,72.0,160,3,Unhealthy,66.0
2023-01-21,15,7802,Colombo,6.909445,79.875341,29.01,67.25,3.14,5,1,1,0,0,72.0,47.0,34.0,57.041666666666664,36.86904761904762,19.509225,63.0,155,3,Unhealthy,68.0
2023-01-21,16,7802,Colombo,6.909445,79.875341,28.47,74.5,3.89,5,1,1,0,0,63.0,50.0,32.0,57.625,37.05952380952381,21.21015,64.0,155,3,Unhealthy,59.0
2023-01-21,17,7802,Colombo,6.909445,79.875341,27.62,74.04,3.05,5,1,1,1,0,64.0,51.0,32.0,57.25,37.13095238095238,20.449848000000003,42.0,117,2,Unhealthy (Sensitive),72.0
2023-01-21,18,7802,Colombo,6.909445,79.875341,27.05,77.22,3.8,5,1,1,1,0,42.0,58.0,36.0,57.291666666666664,37.30952380952381,20.888009999999998,59.0,153,3,Unhealthy,70.0
2023-01-21,19,7802,Colombo,6.909445,79.875341,26.22,76.53,3.15,5,1,1,1,0,59.0,65.0,41.0,56.958333333333336,37.44047619047619,20.066166,57.0,152,3,Unhealthy,61.0
2023-01-21,20,7802,Colombo,6.909445,79.875341,26.02,76.32,3.91,5,1,1,0,0,57.0,67.0,49.0,56.666666666666664,37.595238095238095,19.858463999999998,60.0,153,3,Unhealthy,80.0
2023-01-21,21,7802,Colombo,6.909445,79.875341,26.01,76.95,3.07,5,1,1,0,0,60.0,63.0,47.0,56.25,37.714285714285715,20.014695000000003,53.0,144,2,Unhealthy (Sensitive),99.0
2023-01-21,22,7802,Colombo,6.909445,79.875341,25.26,79.15,2.98,5,1,1,0,0,53.0,69.0,46.0,55.291666666666664,37.791666666666664,19.993290000000002,46.0,127,2,Unhealthy (Sensitive),82.0
2023-01-21,23,7802,Colombo,6.909445,79.875341,25.11,77.15,2.83,5,1,1,0,0,46.0,53.0,42.0,54.875,37.785714285714285,19.372365000000002,43.0,119,2,Unhealthy (Sensitive),29.0
2023-01-22,0,7802,Colombo,6.909445,79.875341,24.85,81.8,3.4,6,1,1,0,0,43.0,48.0,44.0,54.541666666666664,37.74404761904762,20.3273,40.0,112,2,Unhealthy (Sensitive),68.0
2023-01-22,1,7802,Colombo,6.909445,79.875341,25.37,80.74,3.32,6,1,1,0,0,40.0,42.0,42.0,54.125,37.69642857142857,20.483738,32.0,93,1,Moderate,17.0
2023-01-22,2,7802,Colombo,6.909445,79.875341,26.0,81.06,3.28,6,1,1,0,0,32.0,40.0,44.0,53.541666666666664,37.666666666666664,21.075599999999998,26.0,80,1,Moderate,33.0
2023-01-22,3,7802,Colombo,6.909445,79.875341,25.8,79.4,3.24,6,1,1,0,0,26.0,42.0,43.0,52.791666666666664,37.642857142857146,20.4852,24.0,76,1,Moderate,97.0
2023-01-22,4,7802,Colombo,6.909445,79.875341,26.3,80.32,2.8,6,1,1,0,0,24.0,40.0,35.0,52.041666666666664,37.642857142857146,21.124159999999996,22.0,72,1,Moderate,95.0
2023-01-22,5,7802,Colombo,6.909445,79.875341,27.28,76.64,3.25,6,1,1,0,0,22.0,47.0,41.0,51.041666666666664,37.642857142857146,20.907392,23.0,74,1,Moderate,89.0
2023-01-22,6,7802,Colombo,6.909445,79.875341,27.0,75.28,2.91,6,1,1,0,0,23.0,55.0,41.0,49.791666666666664,37.69047619047619,20.325599999999998,25.0,78,1,Moderate,84.0
2023-01-23,7,7802,Colombo,6.909445,79.875341,28.33,73.76,3.42,0,1,0,1,0,25.0,59.0,45.0,49.5,37.892857142857146,20.896208,52.0,142,2,Unhealthy (Sensitive),107.0
2023-01-23,8,7802,Colombo,6.909445,79.875341,28.15,73.13,3.21,0,1,0,1,0,52.0,61.0,53.0,49.0,38.07142857142857,20.586094999999997,49.0,134,2,Unhealthy (Sensitive),147.0
2023-01-23,9,7802,Colombo,6.909445,79.875341,29.14,72.42,3.36,0,1,0,1,0,49.0,69.0,64.0,48.541666666666664,38.333333333333336,21.103188,58.0,152,3,Unhealthy,112.0
2023-01-23,10,7802,Colombo,6.909445,79.875341,30.12,67.58,3.79,0,1,0,0,0,58.0,67.0,62.0,47.75,38.5,20.355096,48.0,132,2,Unhealthy (Sensitive),102.0
2023-01-23,11,7802,Colombo,6.909445,79.875341,29.18,69.74,2.86,0,1,0,0,0,48.0,66.0,54.0,46.833333333333336,38.589285714285715,20.350132,44.0,122,2,Unhealthy (Sensitive),93.0
2023-01-23,12,7802,Colombo,6.909445,79.875341,29.27,68.74,3.03,0,1,0,0,0,44.0,61.0,54.0,46.166666666666664,38.660714285714285,20.120198,45.0,124,2,Unhealthy (Sensitive),115.0
2023-01-23,13,7802,Colombo,6.909445,79.875341,29.17,67.86,3.96,0,1,0,0,0,45.0,61.0,43.0,45.333333333333336,38.74404761904762,19.794762000000002,41.0,115,2,Unhealthy (Sensitive),95.0
2023-01-23,14,7802,Colombo,6.909445,79.875341,29.67,73.04,2.94,0,1,0,0,0,41.0,72.0,41.0,43.125,38.660714285714285,21.670968000000002,19.0,66,1,Moderate,78.0
2023-01-23,15,7802,Colombo,6.909445,79.875341,28.27,72.96,3.48,0,1,0,0,0,19.0,63.0,47.0,41.333333333333336,38.595238095238095,20.625791999999997,20.0,68,1,Moderate,78.0
2023-01-23,16,7802,Colombo,6.909445,79.875341,28.69,70.81,3.75,0,1,0,0,0,20.0,64.0,50.0,39.333333333333336,38.523809523809526,20.315389000000003,16.0,59,1,Moderate,80.0
2023-01-23,17,7802,Colombo,6.909445,79.875341,28.05,70.9,3.1,0,1,0,1,0,16.0,42.0,51.0,38.5,38.50595238095238,19.88745,22.0,72,1,Moderate,66.0
2023-01-23,18,7802,Colombo,6.909445,79.875341,26.98,76.74,3.51,0,1,0,1,0,22.0,59.0,58.0,36.916666666666664,38.470238095238095,20.704452,21.0,70,1,Moderate,68.0
2023-01-23,19,7802,Colombo,6.909445,79.875341,26.93,77.12,3.46,0,1,0,1,0,21.0,57.0,65.0,35.25,38.42857142857143,20.768416000000002,17.0,61,1,Moderate,66.0
2023-01-23,20,7802,Colombo,6.909445,79.875341,26.76,75.92,3.17,0,1,0,0,0,17.0,60.0,67.0,33.833333333333336,38.416666666666664,20.316192,26.0,80,1,Moderate,53.0
2023-01-23,21,7802,Colombo,6.909445,79.875341,26.16,77.93,2.9,0,1,0,0,0,26.0,53.0,63.0,33.083333333333336,38.48809523809524,20.386488,35.0,99,1,Moderate,53.0
2023-01-23,22,7802,Colombo,6.909445,79.875341,26.57,83.1,3.01,0,1,0,0,0,35.0,46.0,69.0,32.291666666666664,38.470238095238095,22.07967,27.0,82,1,Moderate,46.0
2023-01-23,23,7802,Colombo,6.909445,79.875341,25.08,78.27,2.89,0,1,0,0,0,27.0,43.0,53.0,30.791666666666668,38.31547619047619,19.630115999999997,7.0,29,0,Good,33.0
2023-01-24,0,7802,Colombo,6.909445,79.875341,25.23,83.21,3.04,1,1,0,0,0,7.0,40.0,48.0,29.958333333333332,38.18452380952381,20.993883,20.0,68,1,Moderate,50.0
2023-01-24,1,7802,Colombo,6.909445,79.875341,25.73,80.97,2.87,1,1,0,0,0,20.0,32.0,42.0,28.791666666666668,38.035714285714285,20.833581,4.0,17,0,Good,61.0
2023-01-24,2,7802,Colombo,6.909445,79.875341,26.66,79.32,3.57,1,1,0,0,0,4.0,26.0,40.0,28.041666666666668,37.916666666666664,21.146711999999997,8.0,33,0,Good,70.0
2023-01-24,3,7802,Colombo,6.909445,79.875341,26.36,75.58,2.9,1,1,0,0,0,8.0,24.0,42.0,28.458333333333332,37.964285714285715,19.922887999999997,34.0,97,1,Moderate,70.0
2023-01-24,4,7802,Colombo,6.909445,79.875341,26.26,76.89,3.68,1,1,0,0,0,34.0,22.0,40.0,28.916666666666668,38.0,20.191314000000002,33.0,95,1,Moderate,91.0
2023-01-24,5,7802,Colombo,6.909445,79.875341,28.34,73.94,3.17,1,1,0,0,0,33.0,23.0,47.0,29.208333333333332,38.017857142857146,20.954596000000002,30.0,89,1,Moderate,95.0
2023-01-24,6,7802,Colombo,6.909445,79.875341,26.98,76.59,2.83,1,1,0,0,0,30.0,25.0,55.0,29.333333333333332,38.01190476190476,20.663982,28.0,84,1,Moderate,78.0
2023-01-24,7,7802,Colombo,6.909445,79.875341,28.5,74.16,2.92,1,1,0,1,0,28.0,52.0,59.0,28.75,38.07738095238095,21.1356,38.0,107,2,Unhealthy (Sensitive),91.0
2023-01-24,8,7802,Colombo,6.909445,79.875341,28.92,71.95,3.18,1,1,0,1,0,38.0,49.0,61.0,28.958333333333332,38.20238095238095,20.807940000000002,54.0,147,2,Unhealthy (Sensitive),110.0
2023-01-24,9,7802,Colombo,6.909445,79.875341,28.85,67.68,2.9,1,1,0,1,0,54.0,58.0,69.0,28.208333333333332,38.220238095238095,19.52568,40.0,112,2,Unhealthy (Sensitive),91.0
2023-01-24,10,7802,Colombo,6.909445,79.875341,28.8,69.42,3.3,1,1,0,0,0,40.0,48.0,67.0,27.708333333333332,38.208333333333336,19.99296,36.0,102,2,Unhealthy (Sensitive),76.0
2023-01-24,11,7802,Colombo,6.909445,79.875341,28.64,74.31,2.89,1,1,0,0,0,36.0,44.0,66.0,27.208333333333332,38.11904761904762,21.282384,32.0,93,1,Moderate,74.0
2023-01-24,12,7802,Colombo,6.909445,79.875341,29.33,67.16,3.03,1,1,0,0,0,32.0,45.0,61.0,27.041666666666668,38.13690476190476,19.698027999999997,41.0,115,2,Unhealthy (Sensitive),80.0
2023-01-24,13,7802,Colombo,6.909445,79.875341,29.66,68.8,3.09,1,1,0,0,0,41.0,41.0,61.0,26.708333333333332,38.13690476190476,20.40608,33.0,95,1,Moderate,66.0
2023-01-24,14,7802,Colombo,6.909445,79.875341,29.67,73.92,3.2,1,1,0,0,0,33.0,19.0,72.0,26.958333333333332,38.07142857142857,21.932064,25.0,78,1,Moderate,72.0
2023-01-24,15,7802,Colombo,6.909445,79.875341,29.44,71.07,3.38,1,1,0,0,0,25.0,20.0,63.0,27.166666666666668,37.99404761904762,20.923008,25.0,78,1,Moderate,61.0
2023-01-24,16,7802,Colombo,6.909445,79.875341,28.08,72.86,2.82,1,1,0,0,0,25.0,16.0,64.0,27.583333333333332,38.023809523809526,20.459087999999998,26.0,80,1,Moderate,63.0
2023-01-24,17,7802,Colombo,6.909445,79.875341,27.53,73.81,3.4,1,1,0,1,0,26.0,22.0,42.0,27.458333333333332,38.035714285714285,20.319893,19.0,66,1,Moderate,78.0
2023-01-24,18,7802,Colombo,6.909445,79.875341,26.7,75.92,3.68,1,1,0,1,0,19.0,21.0,59.0,27.416666666666668,38.035714285714285,20.27064,20.0,68,1,Moderate,119.0
2023-01-24,19,7802,Colombo,6.909445,79.875341,26.54,79.84,2.87,1,1,0,1,0,20.0,17.0,57.0,27.5,37.964285714285715,21.189535999999997,19.0,66,1,Moderate,112.0
2023-01-24,20,7802,Colombo,6.909445,79.875341,26.09,75.61,3.36,1,1,0,0,0,19.0,26.0,60.0,26.958333333333332,37.88095238095238,19.726649,13.0,53,1,Moderate,105.0
2023-01-24,21,7802,Colombo,6.909445,79.875341,26.05,78.02,4.63,1,1,0,0,0,13.0,35.0,53.0,26.041666666666668,37.88690476190476,20.32421,13.0,53,1,Moderate,99.0
2023-01-24,22,7802,Colombo,6.909445,79.875341,26.22,81.5,4.52,1,1,0,0,0,13.0,27.0,46.0,25.375,37.88690476190476,21.3693,11.0,46,0,Good,87.0
2023-01-24,23,7802,Colombo,6.909445,79.875341,26.07,81.69,2.91,1,1,0,0,0,11.0,7.0,43.0,25.416666666666668,37.79761904761905,21.296583000000002,8.0,33,0,Good,93.0
2023-01-25,0,7802,Colombo,6.909445,79.875341,25.19,76.7,4.57,2,1,0,0,0,8.0,20.0,40.0,25.083333333333332,37.70238095238095,19.32073,12.0,50,0,Good,99.0
2023-01-25,1,7802,Colombo,6.909445,79.875341,25.38,79.49,4.12,2,1,0,0,0,12.0,4.0,32.0,25.625,37.607142857142854,20.174561999999998,17.0,61,1,Moderate,119.0
2023-01-25,2,7802,Colombo,6.909445,79.875341,25.38,77.96,3.32,2,1,0,0,0,17.0,8.0,26.0,26.166666666666668,37.61309523809524,19.786247999999997,21.0,70,1,Moderate,117.0
2023-01-25,3,7802,Colombo,6.909445,79.875341,25.75,77.07,3.4,2,1,0,0,0,21.0,34.0,24.0,25.625,37.625,19.845525,21.0,70,1,Moderate,95.0
2023-01-25,4,7802,Colombo,6.909445,79.875341,26.5,77.44,2.95,2,1,0,0,0,21.0,33.0,22.0,25.541666666666668,37.720238095238095,20.5216,31.0,91,1,Moderate,87.0
2023-01-25,5,7802,Colombo,6.909445,79.875341,26.81,79.7,3.36,2,1,0,0,0,31.0,30.0,23.0,25.666666666666668,37.81547619047619,21.36757,33.0,95,1,Moderate,97.0
2023-01-25,6,7802,Colombo,6.909445,79.875341,26.57,73.34,3.66,2,1,0,0,0,33.0,28.0,25.0,25.541666666666668,37.86904761904762,19.486438,25.0,78,1,Moderate,95.0
2023-01-25,7,7802,Colombo,6.909445,79.875341,27.26,78.52,3.02,2,1,0,1,0,25.0,38.0,52.0,25.25,37.92857142857143,21.404552,31.0,91,1,Moderate,110.0
2023-01-25,8,7802,Colombo,6.909445,79.875341,27.13,74.77,4.53,2,1,0,1,0,31.0,54.0,49.0,24.625,37.976190476190474,20.285100999999997,39.0,110,2,Unhealthy (Sensitive),115.0
2023-01-25,9,7802,Colombo,6.909445,79.875341,29.24,68.12,3.13,2,1,0,1,0,39.0,40.0,58.0,24.25,37.892857142857146,19.918288,31.0,91,1,Moderate,95.0
2023-01-25,10,7802,Colombo,6.909445,79.875341,29.98,71.31,3.28,2,1,0,0,0,31.0,36.0,48.0,23.75,37.81547619047619,21.378738000000002,24.0,76,1,Moderate,91.0
2023-01-25,11,7802,Colombo,6.909445,79.875341,29.91,69.16,3.23,2,1,0,0,0,24.0,32.0,44.0,23.375,37.767857142857146,20.685756,23.0,74,1,Moderate,89.0
2023-01-25,12,7802,Colombo,6.909445,79.875341,28.79,70.8,2.98,2,1,0,0,0,23.0,41.0,45.0,22.75,37.75595238095238,20.383319999999998,26.0,80,1,Moderate,107.0
2023-01-25,13,7802,Colombo,6.909445,79.875341,29.25,70.07,2.99,2,1,0,0,0,26.0,33.0,41.0,22.166666666666668,37.708333333333336,20.495474999999995,19.0,66,1,Moderate,76.0
2023-01-25,14,7802,Colombo,6.909445,79.875341,30.28,66.11,3.62,2,1,0,0,0,19.0,25.0,19.0,22.041666666666668,37.654761904761905,20.018107999999998,22.0,72,1,Moderate,91.0
2023-01-25,15,7802,Colombo,6.909445,79.875341,29.46,71.53,4.01,2,1,0,0,0,22.0,25.0,20.0,21.708333333333332,37.595238095238095,21.072738,17.0,61,1,Moderate,99.0
2023-01-25,16,7802,Colombo,6.909445,79.875341,28.95,74.41,3.39,2,1,0,0,0,17.0,26.0,16.0,21.375,37.55952380952381,21.541695,18.0,63,1,Moderate,99.0
2023-01-25,17,7802,Colombo,6.909445,79.875341,27.35,72.7,3.65,2,1,0,1,0,18.0,19.0,22.0,21.625,37.589285714285715,19.883450000000003,25.0,78,1,Moderate,105.0
2023-01-25,18,7802,Colombo,6.909445,79.875341,27.51,73.95,3.2,2,1,0,1,0,25.0,20.0,21.0,22.583333333333332,37.726190476190474,20.343645000000002,43.0,119,2,Unhealthy (Sensitive),122.0
2023-01-25,19,7802,Colombo,6.909445,79.875341,26.7,76.45,4.35,2,1,0,1,0,43.0,19.0,17.0,23.458333333333332,37.80357142857143,20.41215,40.0,112,2,Unhealthy (Sensitive),129.0
2023-01-25,20,7802,Colombo,6.909445,79.875341,26.57,80.03,2.97,2,1,0,0,0,40.0,13.0,26.0,24.458333333333332,37.86309523809524,21.263971,37.0,105,2,Unhealthy (Sensitive),99.0
2023-01-25,21,7802,Colombo,6.909445,79.875341,26.57,79.44,3.01,2,1,0,0,0,37.0,13.0,35.0,25.375,37.86904761904762,21.107208,35.0,99,1,Moderate,82.0
2023-01-25,22,7802,Colombo,6.909445,79.875341,26.37,78.3,3.47,2,1,0,0,0,35.0,11.0,27.0,26.125,37.94047619047619,20.647710000000004,29.0,87,1,Moderate,72.0
2023-01-25,23,7802,Colombo,6.909445,79.875341,25.53,79.35,3.31,2,1,0,0,0,29.0,8.0,7.0,27.125,38.0,20.258055,32.0,93,1,Moderate,66.0
2023-01-26,0,7802,Colombo,6.909445,79.875341,25.53,81.02,3.52,3,1,0,0,0,32.0,12.0,20.0,28.083333333333332,38.035714285714285,20.684406,35.0,99,1,Moderate,63.0
2023-01-26,1,7802,Colombo,6.909445,79.875341,26.09,79.4,2.89,3,1,0,0,0,35.0,17.0,4.0,29.166666666666668,38.17261904761905,20.715460000000004,43.0,119,2,Unhealthy (Sensitive),66.0
2023-01-26,2,7802,Colombo,6.909445,79.875341,25.32,78.89,2.81,3,1,0,0,0,43.0,21.0,8.0,30.041666666666668,38.279761904761905,19.974947999999998,42.0,117,2,Unhealthy (Sensitive),97.0
2023-01-26,3,7802,Colombo,6.909445,79.875341,25.38,80.67,3.53,3,1,0,0,0,42.0,21.0,34.0,30.541666666666668,38.32738095238095,20.474046,33.0,95,1,Moderate,115.0
2023-01-26,4,7802,Colombo,6.909445,79.875341,26.73,77.86,3.83,3,1,0,0,0,33.0,31.0,33.0,30.458333333333332,38.36904761904762,20.811978,29.0,87,1,Moderate,117.0
2023-01-26,5,7802,Colombo,6.909445,79.875341,27.77,74.96,3.05,3,1,0,0,0,29.0,33.0,30.0,30.5,38.45238095238095,20.816391999999997,34.0,97,1,Moderate,122.0
2023-01-26,6,7802,Colombo,6.909445,79.875341,27.37,73.38,2.84,3,1,0,0,0,34.0,25.0,28.0,30.833333333333332,38.49404761904762,20.084106,33.0,95,1,Moderate,117.0
2023-01-26,7,7802,Colombo,6.909445,79.875341,28.06,75.04,3.33,3,1,0,1,0,33.0,31.0,38.0,31.166666666666668,38.56547619047619,21.056224,39.0,110,2,Unhealthy (Sensitive),144.0
2023-01-26,8,7802,Colombo,6.909445,79.875341,28.39,70.78,4.16,3,1,0,1,0,39.0,39.0,54.0,31.25,38.57738095238095,20.094442,41.0,115,2,Unhealthy (Sensitive),152.0
2023-01-26,9,7802,Colombo,6.909445,79.875341,28.1,71.14,3.91,3,1,0,1,0,41.0,31.0,40.0,31.333333333333332,38.529761904761905,19.99034,33.0,95,1,Moderate,153.0
2023-01-26,10,7802,Colombo,6.909445,79.875341,29.08,68.21,3.06,3,1,0,0,0,33.0,24.0,36.0,31.625,38.5,19.835467999999995,31.0,91,1,Moderate,144.0
2023-01-26,11,7802,Colombo,6.909445,79.875341,29.83,68.08,3.28,3,1,0,0,0,31.0,23.0,32.0,31.916666666666668,38.45238095238095,20.308263999999998,30.0,89,1,Moderate,157.0
2023-01-26,12,7802,Colombo,6.909445,79.875341,29.4,73.19,2.8,3,1,0,0,0,30.0,26.0,41.0,32.416666666666664,38.470238095238095,21.517859999999995,38.0,107,2,Unhealthy (Sensitive),124.0
2023-01-26,13,7802,Colombo,6.909445,79.875341,29.62,67.87,3.84,3,1,0,0,0,38.0,19.0,33.0,32.625,38.375,20.103094000000002,24.0,76,1,Moderate,115.0
2023-01-26,14,7802,Colombo,6.909445,79.875341,29.36,70.88,2.82,3,1,0,0,0,24.0,22.0,25.0,33.0,38.339285714285715,20.810367999999997,31.0,91,1,Moderate,112.0
2023-01-26,15,7802,Colombo,6.909445,79.875341,28.14,69.5,3.61,3,1,0,0,0,31.0,17.0,25.0,33.75,38.31547619047619,19.5573,35.0,99,1,Moderate,97.0
2023-01-26,16,7802,Colombo,6.909445,79.875341,29.16,72.65,2.96,3,1,0,0,0,35.0,18.0,26.0,34.458333333333336,38.285714285714285,21.18474,35.0,99,1,Moderate,107.0
2023-01-26,17,7802,Colombo,6.909445,79.875341,27.36,76.37,3.28,3,1,0,1,0,35.0,25.0,19.0,34.958333333333336,38.30952380952381,20.894832,37.0,105,2,Unhealthy (Sensitive),97.0
2023-01-26,18,7802,Colombo,6.909445,79.875341,27.47,76.58,3.82,3,1,0,1,0,37.0,43.0,20.0,35.0,38.392857142857146,21.036526,44.0,122,2,Unhealthy (Sensitive),105.0
2023-01-26,19,7802,Colombo,6.909445,79.875341,27.06,77.04,2.98,3,1,0,1,0,44.0,40.0,19.0,35.291666666666664,38.45238095238095,20.847024,47.0,129,2,Unhealthy (Sensitive),127.0
2023-01-26,20,7802,Colombo,6.909445,79.875341,26.72,75.05,3.16,3,1,0,0,0,47.0,37.0,13.0,35.208333333333336,38.357142857142854,20.053359999999998,35.0,99,1,Moderate,124.0
2023-01-26,21,7802,Colombo,6.909445,79.875341,26.25,78.12,2.84,3,1,0,0,0,35.0,35.0,13.0,34.875,38.20238095238095,20.506500000000003,27.0,82,1,Moderate,127.0
2023-01-26,22,7802,Colombo,6.909445,79.875341,25.27,85.25,3.68,3,1,0,0,0,27.0,29.0,11.0,34.583333333333336,37.98809523809524,21.542675,22.0,72,1,Moderate,117.0
2023-01-26,23,7802,Colombo,6.909445,79.875341,25.64,82.14,3.22,3,1,0,0,0,22.0,32.0,8.0,34.041666666666664,37.79761904761905,21.060696000000004,19.0,66,1,Moderate,129.0
2023-01-27,0,7802,Colombo,6.909445,79.875341,25.6,79.0,3.03,4,1,0,0,0,19.0,35.0,12.0,33.333333333333336,37.642857142857146,20.224,18.0,63,1,Moderate,137.0
2023-01-27,1,7802,Colombo,6.909445,79.875341,26.39,84.04,3.01,4,1,0,0,0,18.0,43.0,17.0,32.333333333333336,37.51190476190476,22.178156000000005,19.0,66,1,Moderate,95.0
2023-01-27,2,7802,Colombo,6.909445,79.875341,24.81,81.65,3.51,4,1,0,0,0,19.0,42.0,21.0,32.0,37.458333333333336,20.257365,34.0,97,1,Moderate,80.0
2023-01-27,3,7802,Colombo,6.909445,79.875341,25.54,77.84,3.16,4,1,0,0,0,34.0,33.0,21.0,32.333333333333336,37.470238095238095,19.880336,41.0,115,2,Unhealthy (Sensitive),70.0
2023-01-27,4,7802,Colombo,6.909445,79.875341,26.73,81.49,3.59,4,1,0,0,0,41.0,29.0,31.0,32.875,37.464285714285715,21.782277,42.0,117,2,Unhealthy (Sensitive),76.0
2023-01-27,5,7802,Colombo,6.909445,79.875341,27.18,74.87,4.12,4,1,0,0,0,42.0,34.0,33.0,33.291666666666664,37.49404761904762,20.349666000000003,44.0,122,2,Unhealthy (Sensitive),74.0
2023-01-27,6,7802,Colombo,6.909445,79.875341,28.58,72.82,3.05,4,1,0,0,0,44.0,33.0,25.0,33.666666666666664,37.5,20.811955999999995,42.0,117,2,Unhealthy (Sensitive),72.0
2023-01-27,7,7802,Colombo,6.909445,79.875341,28.27,73.34,3.44,4,1,0,1,0,42.0,39.0,31.0,34.25,37.56547619047619,20.733218,53.0,144,2,Unhealthy (Sensitive),78.0
2023-01-27,8,7802,Colombo,6.909445,79.875341,27.8,72.53,2.91,4,1,0,1,0,53.0,41.0,39.0,34.958333333333336,37.607142857142854,20.16334,58.0,152,3,Unhealthy,89.0
2023-01-27,9,7802,Colombo,6.909445,79.875341,29.43,73.52,4.76,4,1,0,1,0,58.0,33.0,31.0,36.041666666666664,37.654761904761905,21.636936000000002,59.0,153,3,Unhealthy,80.0
2023-01-27,10,7802,Colombo,6.909445,79.875341,30.18,69.61,3.23,4,1,0,0,0,59.0,31.0,24.0,36.958333333333336,37.666666666666664,21.008298,53.0,144,2,Unhealthy (Sensitive),87.0
